"STRING_ID","Degree","Betweenness","gene"
"9606.ENSP00000002596",5,0,"HS3ST1"
"9606.ENSP00000002829",10,782.792167732561,"SEMA3F"
"9606.ENSP00000007722",24,1319.87357320143,"ITGA3"
"9606.ENSP00000009105",2,717.783885080212,"CAMK1G"
"9606.ENSP00000020673",4,1337.22081451658,"PSD"
"9606.ENSP00000070846",9,1772.68402720001,"PKP2"
"9606.ENSP00000075120",9,315.406507228841,"SLC2A3"
"9606.ENSP00000085219",21,1045.15764467019,"CD22"
"9606.ENSP00000155926",7,473.280275126569,"TRIB2"
"9606.ENSP00000164227",9,82.42692244962,"BCL3"
"9606.ENSP00000173229",18,3433.34384770486,"NTN1"
"9606.ENSP00000174618",6,156.109985186919,"MNT"
"9606.ENSP00000192314",1,0,"GAL3ST2"
"9606.ENSP00000200135",7,15.9435331845762,"ZW10"
"9606.ENSP00000200453",13,624.59487036934,"PPP1R15A"
"9606.ENSP00000200652",5,2176.07285707358,"SLC22A4"
"9606.ENSP00000203001",10,2746.13549491877,"TRMT6"
"9606.ENSP00000204604",9,220.311079570459,"CHRD"
"9606.ENSP00000206513",13,658.927433954204,"CEBPE"
"9606.ENSP00000211287",19,694.628987706208,"MAPK13"
"9606.ENSP00000215631",21,268.844553245497,"GADD45B"
"9606.ENSP00000216797",85,4591.5104637509,"NFKBIA"
"9606.ENSP00000217159",2,60.2793313221619,"SLCO4A1"
"9606.ENSP00000217182",13,2993.22627242919,"EEF1A2"
"9606.ENSP00000218388",68,4406.0015484119,"TIMP1"
"9606.ENSP00000219022",9,188.425476798236,"OLFM4"
"9606.ENSP00000219919",14,1363.02779702784,"AQP9"
"9606.ENSP00000220058",3,239.658495525858,"MTFMT"
"9606.ENSP00000220325",3,0,"EHD4"
"9606.ENSP00000220616",13,500.450176033303,"TG"
"9606.ENSP00000220751",21,220.756108336433,"RIPK2"
"9606.ENSP00000221399",3,936,"TULP2"
"9606.ENSP00000221452",44,1348.37561141979,"RELB"
"9606.ENSP00000221847",1,0,"EBI3"
"9606.ENSP00000221922",1,0,"CCDC9"
"9606.ENSP00000222115",4,486.794680568688,"HAS1"
"9606.ENSP00000222399",14,814.556762680318,"LAMB1"
"9606.ENSP00000222553",22,3108.32908918076,"NAMPT"
"9606.ENSP00000222567",10,1994.74586538345,"POLR1F"
"9606.ENSP00000222573",16,260.921863089547,"ITGB8"
"9606.ENSP00000222812",16,2470.76121368499,"STX1A"
"9606.ENSP00000223095",62,2088.99769252423,"SERPINE1"
"9606.ENSP00000223273",1,0,"YAE1"
"9606.ENSP00000225174",8,801.903722129835,"PPIF"
"9606.ENSP00000225474",66,3547.32024580458,"CSF3"
"9606.ENSP00000225831",101,3400.52221598121,"CCL2"
"9606.ENSP00000226218",32,938.040749758875,"VTN"
"9606.ENSP00000226317",29,12.0200564359314,"CXCL6"
"9606.ENSP00000227348",6,41.0162446173932,"CRTAM"
"9606.ENSP00000227507",81,7779.43075306711,"CCND1"
"9606.ENSP00000228434",51,2311.82283874833,"CD69"
"9606.ENSP00000228534",25,16.3163845231992,"IL23A"
"9606.ENSP00000228606",7,682.422715886825,"CYP27B1"
"9606.ENSP00000229583",3,952.405242388897,"ADTRP"
"9606.ENSP00000229708",6,0,"ULBP1"
"9606.ENSP00000230671",3,57.3488775793089,"SLC6A7"
"9606.ENSP00000230990",44,2361.46824667688,"HBEGF"
"9606.ENSP00000231751",12,227.316313466065,"LTF"
"9606.ENSP00000231887",7,957.129820699777,"EHHADH"
"9606.ENSP00000232424",16,1010.25854745284,"HES1"
"9606.ENSP00000233146",20,3792.67702595028,"MSH2"
"9606.ENSP00000234091",22,833.422305026255,"ID2"
"9606.ENSP00000234198",2,0,"DLX2"
"9606.ENSP00000234296",8,442.023862705656,"ORC2"
"9606.ENSP00000234313",38,8703.21652740641,"PLEK"
"9606.ENSP00000234827",2,0,"TCEANC2"
"9606.ENSP00000235933",12,8.74691192027682,"CD160"
"9606.ENSP00000236495",1,0,"SLC5A9"
"9606.ENSP00000236826",35,1035.0844525885,"MMP8"
"9606.ENSP00000238647",3,220.472381682345,"IRF2BPL"
"9606.ENSP00000238651",5,284.077708523285,"ACOT2"
"9606.ENSP00000239690",4,353.108449251305,"NUDCD1"
"9606.ENSP00000239938",73,8589.10170891864,"EGR1"
"9606.ENSP00000240100",14,371.259333426426,"DUSP4"
"9606.ENSP00000240361",3,141.44003530892,"TEX14"
"9606.ENSP00000241125",5,145.644686146518,"GJA3"
"9606.ENSP00000241261",39,1622.99250556498,"TNFSF10"
"9606.ENSP00000241453",42,3266.5309267962,"FLT3"
"9606.ENSP00000242057",27,2798.79358825475,"AHR"
"9606.ENSP00000242465",12,227.720824481544,"SRGN"
"9606.ENSP00000242480",29,1878.65548201035,"EGR2"
"9606.ENSP00000242576",7,579.74809290664,"UNG"
"9606.ENSP00000242728",7,31.1989808899011,"BHLHE41"
"9606.ENSP00000243347",19,31.8464565123941,"TNFAIP6"
"9606.ENSP00000243457",8,1133.03856789916,"KCNJ2"
"9606.ENSP00000243924",13,131.330720129632,"PI3"
"9606.ENSP00000244050",48,2572.28728545094,"SNAI1"
"9606.ENSP00000244333",5,1260.79415103316,"LYPD3"
"9606.ENSP00000244336",14,1019.45504501338,"CEACAM8"
"9606.ENSP00000244360",1,0,"RNF39"
"9606.ENSP00000244709",37,3082.16399472647,"TREM1"
"9606.ENSP00000244751",2,0,"CPNE5"
"9606.ENSP00000244869",18,736.08125762664,"EREG"
"9606.ENSP00000245457",2,0,"PTGER2"
"9606.ENSP00000245903",17,58.1940737127499,"CD70"
"9606.ENSP00000246553",12,640.640680428696,"FFAR1"
"9606.ENSP00000246657",54,998.197089032894,"CCR7"
"9606.ENSP00000246672",8,41.6227721802994,"NR1D1"
"9606.ENSP00000247933",1,0,"IDUA"
"9606.ENSP00000248098",1,0,"JPT2"
"9606.ENSP00000248121",6,862.773264020949,"SYNGR3"
"9606.ENSP00000248244",16,12.7754493537052,"TICAM1"
"9606.ENSP00000249075",39,921.472726656845,"LIF"
"9606.ENSP00000249330",4,20.386685290356,"VGF"
"9606.ENSP00000249750",2,936,"ALDH1A2"
"9606.ENSP00000250699",1,0,"CHRNA10"
"9606.ENSP00000250974",3,91.2622180732855,"ABHD17A"
"9606.ENSP00000251102",3,51.7130999141519,"CNGB1"
"9606.ENSP00000251203",3,0,"PBX4"
"9606.ENSP00000251582",5,12.8533237532806,"ADAMTS2"
"9606.ENSP00000252483",12,847.91378927005,"NECTIN2"
"9606.ENSP00000252486",63,8557.45303428453,"APOE"
"9606.ENSP00000252809",24,2272.64773108868,"GDF15"
"9606.ENSP00000253122",4,26.2222708780417,"SLC6A8"
"9606.ENSP00000253496",8,871.292064765436,"F12"
"9606.ENSP00000253727",5,0,"NR1H2"
"9606.ENSP00000254657",13,355.150670660319,"PER2"
"9606.ENSP00000254667",6,1179.93620644389,"PTPRE"
"9606.ENSP00000254770",1,0,"LANCL2"
"9606.ENSP00000254846",14,1444.25133120056,"KDM6B"
"9606.ENSP00000254900",7,1214.11920953477,"BRD8"
"9606.ENSP00000254958",36,4015.22487748546,"JAG1"
"9606.ENSP00000255266",2,36.9721700852701,"PDE6A"
"9606.ENSP00000255409",14,116.40127681031,"CHI3L1"
"9606.ENSP00000255465",23,1400.64394040907,"CCNA1"
"9606.ENSP00000255945",9,529.537968761336,"GIMAP4"
"9606.ENSP00000256196",13,2011.74766208346,"RRAS2"
"9606.ENSP00000256458",23,398.973915406215,"IRAK2"
"9606.ENSP00000256495",13,638.40485277475,"BHLHE40"
"9606.ENSP00000256538",2,130.580588874847,"DPH6"
"9606.ENSP00000256951",4,846.763801849699,"EMP1"
"9606.ENSP00000257264",5,874.424242463979,"TCN1"
"9606.ENSP00000257570",17,1711.11501985217,"OASL"
"9606.ENSP00000257696",3,82.0075109731913,"HILPDA"
"9606.ENSP00000257934",20,1164.74408352364,"ESPL1"
"9606.ENSP00000259206",50,653.536270655189,"IL1RN"
"9606.ENSP00000259874",17,1251.58865569838,"IER3"
"9606.ENSP00000259883",6,240.855459016989,"PGBD1"
"9606.ENSP00000260126",4,36.7500605992128,"SLCO5A1"
"9606.ENSP00000260187",5,16.9074092713115,"USP2"
"9606.ENSP00000260356",53,5114.60936083787,"THBS1"
"9606.ENSP00000260363",28,3849.92094719221,"KIF23"
"9606.ENSP00000261024",8,159.620055502085,"SLC40A1"
"9606.ENSP00000261479",7,1423.29479715021,"PSMA6"
"9606.ENSP00000261597",21,881.665562835792,"NDC80"
"9606.ENSP00000261622",8,457.772857328569,"SLC7A5"
"9606.ENSP00000261800",2,74.4793140038612,"FAT2"
"9606.ENSP00000261845",6,187.001603064421,"MAPK6"
"9606.ENSP00000261867",2,0,"SLC30A4"
"9606.ENSP00000261921",6,70.6602153896658,"LOXL1"
"9606.ENSP00000262198",2,17.1370345302507,"ADNP2"
"9606.ENSP00000262259",1,0,"ZNF175"
"9606.ENSP00000262395",15,921.912516843742,"TRAF4"
"9606.ENSP00000262776",8,165.695194708778,"LGALS3BP"
"9606.ENSP00000262958",20,1600.37667660086,"GNA15"
"9606.ENSP00000262962",2,0,"YJU2"
"9606.ENSP00000263056",13,86.2513913399943,"MAP3K8"
"9606.ENSP00000263339",73,788.707395987029,"IL1A"
"9606.ENSP00000263341",161,17219.2585596969,"IL1B"
"9606.ENSP00000263464",35,1680.25441037319,"BIRC3"
"9606.ENSP00000263851",55,801.650410785296,"IL7"
"9606.ENSP00000264192",9,288.678095827119,"CYTIP"
"9606.ENSP00000264246",74,2704.41963640378,"CD80"
"9606.ENSP00000264257",8,936,"IL1RL2"
"9606.ENSP00000264400",4,946.767174090726,"RASGEF1B"
"9606.ENSP00000264436",5,570.492035553952,"ADD2"
"9606.ENSP00000264444",7,703.919830637125,"MXD1"
"9606.ENSP00000264613",19,3208.4800846843,"CP"
"9606.ENSP00000264634",36,1948.81615605104,"WNT5A"
"9606.ENSP00000264716",23,1504.34201550856,"FOSL2"
"9606.ENSP00000264808",3,956.117613866623,"PRDM5"
"9606.ENSP00000264832",91,2401.49520747382,"ICAM1"
"9606.ENSP00000264864",6,441.170162177253,"SEPSECS-AS1"
"9606.ENSP00000264908",2,1.94203784242706,"ANXA3"
"9606.ENSP00000264938",12,1270.23059215631,"SLC9A3"
"9606.ENSP00000265350",3,14.617573930962,"MED20"
"9606.ENSP00000265354",29,3890.20675280695,"SRF"
"9606.ENSP00000265598",4,0,"LAMP3"
"9606.ENSP00000265605",3,257.182806995221,"ALDH8A1"
"9606.ENSP00000265723",5,856.045284495478,"ABCB4"
"9606.ENSP00000265896",6,329.657030114971,"SQLE"
"9606.ENSP00000266068",2,31.4427390359699,"GMEB2"
"9606.ENSP00000266458",7,884.139946674847,"GABARAPL1"
"9606.ENSP00000266546",4,345.042635042148,"CLSTN3"
"9606.ENSP00000266671",5,714.154871871542,"PHLDA1"
"9606.ENSP00000267082",22,468.733507643195,"ITGB7"
"9606.ENSP00000267953",33,2359.78884733418,"BCL2A1"
"9606.ENSP00000267984",1,0,"TLNRD1"
"9606.ENSP00000268150",11,1883.21769166525,"MFGE8"
"9606.ENSP00000268533",6,2957.48917862938,"NUDT7"
"9606.ENSP00000269216",16,2209.37994754557,"GATA6"
"9606.ENSP00000270115",2,7.52946321897935,"LRRC56"
"9606.ENSP00000270221",2,9.17071635495564,"EMP3"
"9606.ENSP00000270328",6,856.309942186221,"ADAMTS10"
"9606.ENSP00000270349",12,2654.40081720676,"SLC6A3"
"9606.ENSP00000271064",2,9.71877057670454,"TINAGL1"
"9606.ENSP00000271588",4,188.283777780678,"HMCN1"
"9606.ENSP00000272928",6,528.683658734864,"ACKR3"
"9606.ENSP00000273153",4,76.2724647052086,"CSRNP1"
"9606.ENSP00000273179",3,138.867202142213,"CTDSPL"
"9606.ENSP00000273320",3,309.505111442087,"ZKSCAN7"
"9606.ENSP00000273359",2,40.5182874327565,"ABHD10"
"9606.ENSP00000273371",1,0,"PLA1A"
"9606.ENSP00000273550",11,621.764299891465,"FTH1"
"9606.ENSP00000274457",5,446.857048377893,"FEM1C"
"9606.ENSP00000275015",15,99.1093027073882,"NFKBIE"
"9606.ENSP00000275532",1,0,"KCTD7"
"9606.ENSP00000275815",14,839.875220605148,"EPHA1"
"9606.ENSP00000276052",7,170.417819747416,"CDK16"
"9606.ENSP00000276297",4,1240.62599929724,"DLC1"
"9606.ENSP00000276416",8,452.83905257249,"BIN3"
"9606.ENSP00000276914",10,591.7259449394,"PLIN2"
"9606.ENSP00000278071",2,936,"ITPRIP"
"9606.ENSP00000278317",7,28.0059566648434,"TNNT3"
"9606.ENSP00000278379",18,3035.9934966095,"SLC1A2"
"9606.ENSP00000278407",14,338.003097277459,"SERPING1"
"9606.ENSP00000279022",12,1403.22199345702,"MYL9"
"9606.ENSP00000279488",22,1791.50152466484,"DUSP6"
"9606.ENSP00000279873",7,342.856878707864,"ARID5B"
"9606.ENSP00000280200",21,808.78051784663,"CD226"
"9606.ENSP00000280612",7,345.359535510418,"SLC7A11"
"9606.ENSP00000280614",6,207.254624751394,"NOCT"
"9606.ENSP00000282111",8,37.78905938543,"TCF7L1"
"9606.ENSP00000282276",3,68.3085146453438,"MARS2"
"9606.ENSP00000282397",39,1658.33477995092,"FLT1"
"9606.ENSP00000282903",11,476.056351998856,"PLOD2"
"9606.ENSP00000283147",17,292.466378350277,"BMP6"
"9606.ENSP00000284987",17,633.385199909095,"ADAMTS5"
"9606.ENSP00000285199",2,12.7939279092039,"USP43"
"9606.ENSP00000285670",7,160.688241338104,"SAMSN1"
"9606.ENSP00000286201",15,200.138256426764,"FZD7"
"9606.ENSP00000286918",2,936,"ANKRD9"
"9606.ENSP00000287820",85,17875.7230108236,"PPARG"
"9606.ENSP00000288167",6,10.5102584780926,"IL17RB"
"9606.ENSP00000288840",12,60.6912602635557,"SMAD6"
"9606.ENSP00000288943",14,258.753561408787,"DUSP2"
"9606.ENSP00000289388",2,29.3030850340364,"CATIP"
"9606.ENSP00000289805",1,0,"SPATA2L"
"9606.ENSP00000290200",18,18.272138827182,"IL10RB"
"9606.ENSP00000290691",4,960.341068570844,"RGL4"
"9606.ENSP00000290866",36,2646.30197441197,"ACE"
"9606.ENSP00000291495",7,251.405345122414,"CILP2"
"9606.ENSP00000292079",3,182.261234327542,"FXYD2"
"9606.ENSP00000292301",55,1544.05091578759,"CCR2"
"9606.ENSP00000292303",68,7429.23506835124,"CCR5"
"9606.ENSP00000292779",1,0,"CCDC116"
"9606.ENSP00000293190",5,138.310851958046,"GRIN2C"
"9606.ENSP00000293404",1,0,"NAGS"
"9606.ENSP00000293662",2,440.989358540686,"TAMALIN"
"9606.ENSP00000293778",27,22.3945717312168,"CXCL16"
"9606.ENSP00000293780",5,957.842003766466,"CHRNE"
"9606.ENSP00000294454",2,1.03076923076923,"SLC25A34"
"9606.ENSP00000295124",1,0,"CCDC138"
"9606.ENSP00000295190",1,0,"SLC16A14"
"9606.ENSP00000295314",7,167.668103785083,"TMOD4"
"9606.ENSP00000295619",9,97.9161917392686,"PROK2"
"9606.ENSP00000295683",34,238.426866246833,"CXCR1"
"9606.ENSP00000295767",8,504.880400741431,"CHCHD4"
"9606.ENSP00000295797",11,4019.66720378933,"PRKCI"
"9606.ENSP00000295927",23,375.715100603157,"PTX3"
"9606.ENSP00000295987",22,6248.30575221543,"SYN1"
"9606.ENSP00000296026",40,45.7804178516155,"CXCL3"
"9606.ENSP00000296027",45,72.1382860308107,"CXCL5"
"9606.ENSP00000296129",4,825.129675706507,"CDCP1"
"9606.ENSP00000296140",41,351.468832518716,"CCR1"
"9606.ENSP00000296215",4,1134.41523293256,"SNIP1"
"9606.ENSP00000296350",5,50.5101780011269,"MELTF"
"9606.ENSP00000296504",6,214.605478653939,"SAP30"
"9606.ENSP00000296632",4,39.2217080565977,"STARD4"
"9606.ENSP00000296695",3,7.82802250293419,"SPINK1"
"9606.ENSP00000296861",9,494.938960755399,"TNFRSF21"
"9606.ENSP00000296871",87,2961.9077144736,"CSF2"
"9606.ENSP00000297282",1,0,"SLC13A4"
"9606.ENSP00000297477",4,236.193860147736,"TMEM184A"
"9606.ENSP00000297581",4,0,"DCSTAMP"
"9606.ENSP00000297596",3,67.3700706794495,"GEM"
"9606.ENSP00000297679",5,959.253466467471,"HSD3B7"
"9606.ENSP00000298299",6,2100.97943804289,"ZNF22"
"9606.ENSP00000298386",1,0,"RXFP2"
"9606.ENSP00000299238",1,0,"HPS6"
"9606.ENSP00000299367",7,126.134308710034,"C2"
"9606.ENSP00000299759",7,762.094531101465,"RRAD"
"9606.ENSP00000300056",6,2524.23468111183,"PEX11A"
"9606.ENSP00000300131",10,231.819893207473,"NAB2"
"9606.ENSP00000300900",6,266.0791977936,"CA4"
"9606.ENSP00000300952",2,6.60934231125269,"MIDN"
"9606.ENSP00000301178",22,1146.02042244137,"AXL"
"9606.ENSP00000301286",2,936,"PLIN4"
"9606.ENSP00000301332",5,100.746597681403,"KIFC2"
"9606.ENSP00000301599",3,51.197630264678,"TMEM88"
"9606.ENSP00000301956",2,487.099107315513,"ACSM1"
"9606.ENSP00000302079",26,706.864842790238,"C3AR1"
"9606.ENSP00000302621",4,7.70753747941761,"LRG1"
"9606.ENSP00000302833",5,0,"GIMAP1"
"9606.ENSP00000303192",2,25.6469916324636,"RGL1"
"9606.ENSP00000303211",13,806.05610159035,"ACHE"
"9606.ENSP00000303525",2,24.7578854460196,"CBR4"
"9606.ENSP00000303549",2,34.9968856802032,"GPR82"
"9606.ENSP00000303584",3,7.19036828858856,"N6AMT1"
"9606.ENSP00000303766",1,0,"HTRA3"
"9606.ENSP00000304032",1,0,"STARD5"
"9606.ENSP00000304108",1,0,"FAM171B"
"9606.ENSP00000304286",5,237.891895189694,"FOXI1"
"9606.ENSP00000304501",15,942.382029258786,"ADORA2B"
"9606.ENSP00000304767",9,253.854275346699,"P2RY1"
"9606.ENSP00000304956",1,0,"MN1"
"9606.ENSP00000305107",9,820.910618944445,"GIMAP8"
"9606.ENSP00000305204",11,240.795207485239,"CKAP2L"
"9606.ENSP00000305288",6,998.985595034499,"NLGN2"
"9606.ENSP00000305416",20,257.218910688404,"S1PR1"
"9606.ENSP00000305422",63,4807.40554886843,"CEBPB"
"9606.ENSP00000305906",6,304.318597726504,"UTF1"
"9606.ENSP00000306015",2,174.239917142472,"SYNPO2"
"9606.ENSP00000306190",28,1078.31328077819,"SLAMF1"
"9606.ENSP00000306245",111,22633.3496003087,"FOS"
"9606.ENSP00000306328",3,945.652520830397,"SLC25A33"
"9606.ENSP00000306512",129,6873.61354306321,"CXCL8"
"9606.ENSP00000307046",17,684.401185528944,"SDC2"
"9606.ENSP00000307305",8,27.1091358581114,"DDIT4"
"9606.ENSP00000307513",2,0,"MRC2"
"9606.ENSP00000307900",9,2326.93454344795,"GLUL"
"9606.ENSP00000307975",3,435.923383062829,"METTL18"
"9606.ENSP00000308149",1,0,"AMZ1"
"9606.ENSP00000308318",4,42.4128020752514,"PPP1R3B"
"9606.ENSP00000308330",1,0,"MYEOV"
"9606.ENSP00000308354",1,0,"TIGD3"
"9606.ENSP00000308452",4,207.452409978256,"KRT17"
"9606.ENSP00000308759",1,0,"ZBTB21"
"9606.ENSP00000309116",8,11.6779255758729,"PTPN7"
"9606.ENSP00000309124",19,465.311382957302,"OLR1"
"9606.ENSP00000309338",2,0,"CLCF1"
"9606.ENSP00000309463",2,68.7254364249178,"LIPT2"
"9606.ENSP00000309767",6,0,"NLRP6"
"9606.ENSP00000309790",14,805.237835288801,"MIS18BP1"
"9606.ENSP00000310003",5,757.222267086202,"CNIH2"
"9606.ENSP00000310170",42,2226.20811218849,"FOSL1"
"9606.ENSP00000310205",2,936,"NRIP3"
"9606.ENSP00000310405",20,150.241327159053,"XCR1"
"9606.ENSP00000310472",1,0,"ZNF624"
"9606.ENSP00000310520",7,976.171067252855,"ERCC4"
"9606.ENSP00000310796",2,27.1892870185066,"THAP2"
"9606.ENSP00000311005",21,1418.21016182529,"MAPK7"
"9606.ENSP00000311035",8,1.3298881955229,"CD200R1"
"9606.ENSP00000311313",1,0,"CST6"
"9606.ENSP00000311521",3,1916.51176539264,"ZNF490"
"9606.ENSP00000311687",4,32.6095147147226,"NIPAL4"
"9606.ENSP00000311760",5,1802.22082703938,"TTC9B"
"9606.ENSP00000312017",1,0,"TLCD3A"
"9606.ENSP00000312027",13,85.9912552915948,"CD7"
"9606.ENSP00000312150",15,1587.5350600334,"TRIB1"
"9606.ENSP00000312624",10,1332.0895753177,"TCAP"
"9606.ENSP00000312988",15,209.083235197216,"NFKBIB"
"9606.ENSP00000313140",1,0,"EXD2"
"9606.ENSP00000313437",5,74.6112348704737,"MMP19"
"9606.ENSP00000313582",2,65.7687687347149,"ZNF436"
"9606.ENSP00000313681",18,1068.01868393955,"SPHK1"
"9606.ENSP00000313816",2,53.0516116610147,"PRIMPOL"
"9606.ENSP00000314080",9,231.502330065055,"HIC1"
"9606.ENSP00000314223",5,957.51970047015,"GPR88"
"9606.ENSP00000315064",1,0,"MAGEF1"
"9606.ENSP00000315130",27,1587.81681405834,"CLU"
"9606.ENSP00000315137",1,0,"SGPP2"
"9606.ENSP00000315397",3,936,"MRPS31"
"9606.ENSP00000315465",5,978.349147186209,"DSCAML1"
"9606.ENSP00000315474",7,249.142577400011,"GIMAP7"
"9606.ENSP00000315731",3,16.8596305946332,"METRNL"
"9606.ENSP00000316173",4,1374.60821866466,"B3GNT5"
"9606.ENSP00000316543",5,305.357360348835,"RAPH1"
"9606.ENSP00000316628",3,333.948279638485,"RNF152"
"9606.ENSP00000316779",19,3865.62386481259,"BIN1"
"9606.ENSP00000317039",10,339.789455993921,"RMI1"
"9606.ENSP00000317272",42,2869.01296802478,"MET"
"9606.ENSP00000317564",1,0,"EID2B"
"9606.ENSP00000317790",6,674.548154023312,"SPTBN5"
"9606.ENSP00000317955",10,1855.29385192702,"EEA1"
"9606.ENSP00000318057",13,404.347038969913,"EGR3"
"9606.ENSP00000318154",1,0,"MRFAP1L1"
"9606.ENSP00000318158",1,0,"MRPS24"
"9606.ENSP00000318486",13,2811.01527573807,"CDK5R1"
"9606.ENSP00000318687",9,755.028406601319,"HSPH1"
"9606.ENSP00000318697",1,0,"TUBB6"
"9606.ENSP00000318799",5,635.230423155423,"BHLHE22"
"9606.ENSP00000319231",2,252.077350278473,"PHLDA2"
"9606.ENSP00000319482",2,0,"DCUN1D3"
"9606.ENSP00000319501",4,987.224812797166,"UGDH"
"9606.ENSP00000320084",37,521.081894870641,"CD276"
"9606.ENSP00000320318",2,1,"NEU4"
"9606.ENSP00000320434",1,0,"CTNNAL1"
"9606.ENSP00000320797",5,1872.12786382233,"TUBD1"
"9606.ENSP00000320886",19,2153.63052071324,"MLXIPL"
"9606.ENSP00000321445",5,28.8136617375329,"MSC"
"9606.ENSP00000321735",3,288.817064732051,"SLC16A8"
"9606.ENSP00000322238",1,0,"C14ORF119"
"9606.ENSP00000322628",2,49.4422640865924,"ARL4D"
"9606.ENSP00000322898",13,1444.48745106257,"EBF1"
"9606.ENSP00000323148",3,89.859332370409,"ZKSCAN1"
"9606.ENSP00000323300",16,2735.94862890863,"SPAG5"
"9606.ENSP00000323816",1,0,"AHRR"
"9606.ENSP00000323901",13,783.729060501574,"FZD2"
"9606.ENSP00000324343",5,1539.80851831444,"UPB1"
"9606.ENSP00000325266",2,1870,"TTC9C"
"9606.ENSP00000325663",28,82.3652879825571,"NFKBIZ"
"9606.ENSP00000326119",20,1302.74006522024,"PMAIP1"
"9606.ENSP00000326244",5,1137.61683804189,"TMEM151A"
"9606.ENSP00000326630",7,1001.43991741829,"ZFPM1"
"9606.ENSP00000326671",1,0,"SLC47A2"
"9606.ENSP00000326737",17,208.94220816591,"TNFRSF12A"
"9606.ENSP00000326888",1,0,"LIMS2"
"9606.ENSP00000326981",8,871.625106338884,"IMP3"
"9606.ENSP00000327168",2,759.594367039237,"PRR7"
"9606.ENSP00000327368",12,831.765123031638,"COL10A1"
"9606.ENSP00000327513",61,701.937424477058,"CSF1"
"9606.ENSP00000327959",7,209.531026274127,"TGIF1"
"9606.ENSP00000328016",2,0,"TNFAIP8L3"
"9606.ENSP00000328059",4,111.938195066309,"RLIM"
"9606.ENSP00000328118",1,0,"MCF2L2"
"9606.ENSP00000328174",10,1212.58077470691,"PIF1"
"9606.ENSP00000328207",22,735.987985389982,"TNFRSF18"
"9606.ENSP00000328230",10,339.673219744698,"FFAR3"
"9606.ENSP00000328245",1,0,"ZNF71"
"9606.ENSP00000328515",1,0,"ZNF696"
"9606.ENSP00000328818",2,14.1360782378862,"GPR132"
"9606.ENSP00000329097",8,394.303123612291,"PHF6"
"9606.ENSP00000329102",7,101.924825460754,"LIN9"
"9606.ENSP00000329137",1,0,"C1QTNF12"
"9606.ENSP00000329295",1,0,"NXPH3"
"9606.ENSP00000329418",36,1086.331895458,"SOCS1"
"9606.ENSP00000329757",2,2.35105694881478,"ATP6V0C"
"9606.ENSP00000329880",2,2.99256097158302,"PHACTR1"
"9606.ENSP00000330032",3,309.153294998609,"UPP1"
"9606.ENSP00000330341",51,2535.90400145469,"SOCS3"
"9606.ENSP00000330382",31,1323.66237710183,"PDGFB"
"9606.ENSP00000330875",7,994.765804777213,"FANCF"
"9606.ENSP00000330898",2,0,"POLR2J2"
"9606.ENSP00000330959",26,2822.02620603221,"IL1R2"
"9606.ENSP00000331242",3,1.44257592798268,"KREMEN1"
"9606.ENSP00000331643",1,0,"PGBD2"
"9606.ENSP00000331698",1,0,"KCNJ15"
"9606.ENSP00000331845",1,0,"PRR14L"
"9606.ENSP00000331867",5,14.1748008454728,"TAS1R1"
"9606.ENSP00000331944",7,615.304411846766,"AEN"
"9606.ENSP00000332116",11,1093.55249833981,"PDE4B"
"9606.ENSP00000332118",6,32.1743909608101,"EPHB3"
"9606.ENSP00000332663",1,0,"RIPOR3"
"9606.ENSP00000332737",6,488.105106528005,"UNC5A"
"9606.ENSP00000332788",2,936,"ANO9"
"9606.ENSP00000332900",1,0,"ADGRG3"
"9606.ENSP00000333685",31,2355.70022316509,"MAPK11"
"9606.ENSP00000333982",7,192.45273129134,"NDEL1"
"9606.ENSP00000334145",33,801.832795131064,"F3"
"9606.ENSP00000334382",13,3280.45505082907,"HOMER1"
"9606.ENSP00000334910",2,2.48701302824097,"PDE2A"
"9606.ENSP00000335062",34,315.434268217896,"PDCD1"
"9606.ENSP00000336630",15,2126.48590287765,"ADORA2A"
"9606.ENSP00000336931",3,75.7595222638283,"PNRC1"
"9606.ENSP00000337226",5,47.3207617023155,"CDCA4"
"9606.ENSP00000337383",47,1009.68858994085,"NLRP3"
"9606.ENSP00000337512",2,124.39446692524,"CMTR2"
"9606.ENSP00000337746",2,4.74839129435191,"ISYNA1"
"9606.ENSP00000338157",22,1650.81916598697,"ZBTB16"
"9606.ENSP00000338164",1,0,"TMEM217"
"9606.ENSP00000338272",20,538.334059965114,"HEY1"
"9606.ENSP00000338290",1,0,"GZF1"
"9606.ENSP00000338812",3,968.372098133715,"C1QTNF6"
"9606.ENSP00000339328",38,5388.91309108427,"PLAUR"
"9606.ENSP00000339626",4,1880.28328913057,"SLC35E4"
"9606.ENSP00000339764",3,1612.79350668029,"PRDM8"
"9606.ENSP00000339850",5,668.76447778619,"DPYSL4"
"9606.ENSP00000339916",4,960.640589799543,"LIMK2"
"9606.ENSP00000339992",17,2396.72734437008,"MYB"
"9606.ENSP00000340937",6,118.536230499393,"COL17A1"
"9606.ENSP00000340975",3,126.043054870078,"SOWAHD"
"9606.ENSP00000341219",3,11.1501221450175,"CECR2"
"9606.ENSP00000341247",11,835.138689117924,"GSPT2"
"9606.ENSP00000341637",8,14.6361778792001,"NCR3LG1"
"9606.ENSP00000341992",5,11.7895787570614,"NANOS3"
"9606.ENSP00000342082",15,566.660745185715,"SLPI"
"9606.ENSP00000342385",13,127.92876720567,"PTGES"
"9606.ENSP00000342513",10,21.8269003483988,"IFI6"
"9606.ENSP00000343200",2,47.2933397809117,"SKOR1"
"9606.ENSP00000343674",3,0.311959460368273,"ASTL"
"9606.ENSP00000343690",8,1816.72294885756,"DPYSL3"
"9606.ENSP00000343899",3,1380.13874361367,"FRMD6"
"9606.ENSP00000344087",6,2444.49321249445,"AUTS2"
"9606.ENSP00000344206",2,21.4523658505237,"RHBDL1"
"9606.ENSP00000344352",46,3123.02735712116,"ATF3"
"9606.ENSP00000344411",7,94.5360717543097,"TAS1R3"
"9606.ENSP00000344456",132,37448.2981959059,"CTNNB1"
"9606.ENSP00000344458",2,0,"PROZ"
"9606.ENSP00000344609",4,386.738247079228,"BTG3"
"9606.ENSP00000344741",10,669.460500845662,"INSIG1"
"9606.ENSP00000344820",1,0,"KCNK7"
"9606.ENSP00000344903",5,10.1133821790951,"MAFK"
"9606.ENSP00000345133",1,0,"CDC42BPG"
"9606.ENSP00000345230",11,1698.36403079858,"TPM4"
"9606.ENSP00000345344",19,3233.75169972709,"CTSL"
"9606.ENSP00000345374",1,0,"RTP5"
"9606.ENSP00000345393",5,1.9822531341145,"MAFF"
"9606.ENSP00000345502",11,913.648236408944,"PDE4D"
"9606.ENSP00000345571",28,5359.46130220678,"E2F1"
"9606.ENSP00000345824",5,14.0880134438247,"TSPOAP1"
"9606.ENSP00000345997",5,534.494592351954,"DMPK"
"9606.ENSP00000346378",2,397.844789141218,"APBB3"
"9606.ENSP00000346508",20,112.697905661778,"PDGFA"
"9606.ENSP00000346997",6,140.248767107845,"SUV39H2"
"9606.ENSP00000347213",12,713.162525246993,"ENTPD2"
"9606.ENSP00000347714",5,545.770840502743,"FCAR"
"9606.ENSP00000347792",7,532.948670652209,"SYNJ2"
"9606.ENSP00000348099",12,1895.39147429765,"PDLIM7"
"9606.ENSP00000348489",1,0,"FBRS"
"9606.ENSP00000348521",7,721.069988470234,"GJB6"
"9606.ENSP00000348753",6,270.091863121547,"SPRED2"
"9606.ENSP00000349003",9,23.3182817227623,"PTGER3"
"9606.ENSP00000349022",11,315.406023071388,"ARC"
"9606.ENSP00000349041",8,77.8251254787731,"NRARP"
"9606.ENSP00000349208",7,1070.27961787387,"PIWIL2"
"9606.ENSP00000349967",42,271.535924404771,"CCRL2"
"9606.ENSP00000350049",3,507.431055413148,"HOMEZ"
"9606.ENSP00000350078",5,2628.57296530093,"ARID5A"
"9606.ENSP00000350198",2,0,"SSTR2"
"9606.ENSP00000350369",8,12.4577560103342,"MAFG"
"9606.ENSP00000350633",3,19.2431148546559,"SERTAD1"
"9606.ENSP00000350896",8,10.5052535373695,"EPHB4"
"9606.ENSP00000351075",3,272.485038155984,"SUSD2"
"9606.ENSP00000351669",1,0,"MANEA"
"9606.ENSP00000351671",56,397.446789878355,"CCL20"
"9606.ENSP00000352011",12,1757.31147068235,"CACNA1G"
"9606.ENSP00000352606",3,566.294524266245,"HAPLN3"
"9606.ENSP00000353344",11,574.361087785208,"ETS2"
"9606.ENSP00000353362",18,1596.06522766556,"CACNA1A"
"9606.ENSP00000353462",7,1221.30007331861,"CASS4"
"9606.ENSP00000353496",6,212.716196187496,"LZTS3"
"9606.ENSP00000353590",17,5376.16297078635,"MYH10"
"9606.ENSP00000353732",6,161.017099483034,"CLIP3"
"9606.ENSP00000353741",10,1510.86947962095,"ETF1"
"9606.ENSP00000353770",20,1104.43039984689,"RRM2"
"9606.ENSP00000353785",9,716.417944436454,"TPPP"
"9606.ENSP00000353824",4,913.774538242621,"PIM3"
"9606.ENSP00000354040",16,4147.9169287569,"GTPBP4"
"9606.ENSP00000354213",5,38.8091996129461,"HS3ST3B1"
"9606.ENSP00000354451",12,1004.40729184966,"IQGAP3"
"9606.ENSP00000354487",29,1196.61805713902,"ZEB1"
"9606.ENSP00000354498",6,2263.41604267819,"PHLDB1"
"9606.ENSP00000354532",6,461.886219923292,"PNP"
"9606.ENSP00000354621",19,3070.35013159472,"SMURF1"
"9606.ENSP00000354733",6,386.172661264613,"SBNO2"
"9606.ENSP00000354830",2,13.9306566459391,"DDIT4L"
"9606.ENSP00000354886",1,0,"SLC25A47"
"9606.ENSP00000354920",6,1625.96111933162,"METTL13"
"9606.ENSP00000355046",5,882.122777249473,"MT-ND2"
"9606.ENSP00000355114",2,96.5191125738062,"DCAF12"
"9606.ENSP00000355155",7,252.177135271791,"GRIN3A"
"9606.ENSP00000355157",1,0,"FCRL2"
"9606.ENSP00000355330",18,387.810084931412,"TGM2"
"9606.ENSP00000355354",2,0,"SOX15"
"9606.ENSP00000355465",4,44.9076712351943,"AHCTF1"
"9606.ENSP00000355568",4,258.392076650208,"IRF2BP2"
"9606.ENSP00000355672",3,170.246441055372,"IBA57"
"9606.ENSP00000355675",6,1972.56865584367,"GJC2"
"9606.ENSP00000355718",20,1852.74802146507,"DLL1"
"9606.ENSP00000355996",5,109.163388092613,"G0S2"
"9606.ENSP00000356033",15,4446.53427381917,"TAGAP"
"9606.ENSP00000356070",10,60.1413727370137,"MAPKAPK2"
"9606.ENSP00000356125",1,0,"NUAK2"
"9606.ENSP00000356135",1,0,"TMEM81"
"9606.ENSP00000356198",4,30.8465325872604,"CHIT1"
"9606.ENSP00000356280",6,3147.93865288469,"PHLDA3"
"9606.ENSP00000356320",6,0,"ULBP2"
"9606.ENSP00000356438",88,3403.43105075414,"PTGS2"
"9606.ENSP00000356468",2,20.2082057697859,"IVNS1ABP"
"9606.ENSP00000356529",7,934.712055796039,"RGS16"
"9606.ENSP00000356545",11,671.694229023448,"CACNA1E"
"9606.ENSP00000356790",6,220.945834909364,"ATP1B1"
"9606.ENSP00000356832",15,1774.71011839264,"SGK1"
"9606.ENSP00000356903",1,0,"UAP1"
"9606.ENSP00000356959",4,575.218970757802,"NR1I3"
"9606.ENSP00000356967",5,323.4686950629,"TOMM40L"
"9606.ENSP00000356969",16,626.725384894325,"APOA2"
"9606.ENSP00000357167",5,1220.18460091417,"FCRL3"
"9606.ENSP00000357283",31,7134.63932294301,"LMNA"
"9606.ENSP00000357442",5,16.6266039938091,"PYGO2"
"9606.ENSP00000357511",1,0,"C1ORF189"
"9606.ENSP00000357643",29,3068.40650467936,"MKI67"
"9606.ENSP00000357697",6,347.193531832751,"S100A2"
"9606.ENSP00000357906",4,878.395294986847,"TNFAIP8L2"
"9606.ENSP00000358081",17,2580.16409967664,"BAG3"
"9606.ENSP00000358092",29,3441.13992064389,"PRDM1"
"9606.ENSP00000358149",2,77.380061338784,"BOLA1"
"9606.ENSP00000358272",2,10.283667975767,"NDUFAF4"
"9606.ENSP00000358488",1,0,"MTCP1"
"9606.ENSP00000358576",8,2174.16180854889,"DCLRE1B"
"9606.ENSP00000358596",18,952.224551516528,"DUSP5"
"9606.ENSP00000358696",8,279.750149623627,"PLXNA3"
"9606.ENSP00000358730",16,873.840621768135,"ADORA3"
"9606.ENSP00000358778",1,0,"LRIF1"
"9606.ENSP00000358813",28,2545.83555002031,"TTK"
"9606.ENSP00000358857",10,1381.9773221038,"EMD"
"9606.ENSP00000358862",5,1946.24435268071,"PCGF6"
"9606.ENSP00000358983",34,799.240496145731,"NFKB2"
"9606.ENSP00000359022",2,629.821385983812,"ELOVL3"
"9606.ENSP00000359077",5,369.947090365868,"L1CAM"
"9606.ENSP00000359095",10,1444.47294912697,"PRMT6"
"9606.ENSP00000359160",2,0,"TRMT13"
"9606.ENSP00000359219",1,0,"KAZALD1"
"9606.ENSP00000359221",2,171.184673887734,"RWDD3"
"9606.ENSP00000359488",15,1705.2628572265,"GBP5"
"9606.ENSP00000359497",15,180.727482133545,"GBP2"
"9606.ENSP00000359504",16,180.465151675776,"GBP1"
"9606.ENSP00000359660",5,163.003820032854,"AVPI1"
"9606.ENSP00000359665",6,294.389438199856,"PI4K2A"
"9606.ENSP00000359787",10,8.00878522244126,"IFI44L"
"9606.ENSP00000359799",9,992.314053831315,"DNAJB4"
"9606.ENSP00000359864",19,1387.41477572978,"GPC4"
"9606.ENSP00000360025",21,468.480083342912,"GADD45A"
"9606.ENSP00000360076",10,708.297159902815,"SGIP1"
"9606.ENSP00000360129",2,936,"EFCAB7"
"9606.ENSP00000360327",6,2789.21155416086,"PARS2"
"9606.ENSP00000360660",2,19.4689488984757,"NPDC1"
"9606.ENSP00000360690",2,1870,"LONRF3"
"9606.ENSP00000360997",10,110.536213999755,"ADAMTS13"
"9606.ENSP00000361120",10,1091.12300552063,"RALGDS"
"9606.ENSP00000361266",4,6.68466298254176,"PTCH2"
"9606.ENSP00000361275",9,103.805974675613,"PLK3"
"9606.ENSP00000361281",1,0,"BEST4"
"9606.ENSP00000361405",113,6898.81854227283,"MMP9"
"9606.ENSP00000361818",25,1777.11182732997,"SDC4"
"9606.ENSP00000361850",40,3058.73557640027,"PLAU"
"9606.ENSP00000361935",6,530.347522821016,"HPCAL4"
"9606.ENSP00000362108",48,1812.2679006053,"LCN2"
"9606.ENSP00000362179",25,3621.007619994,"ZC3H12A"
"9606.ENSP00000362410",10,1866.31335361049,"MAFB"
"9606.ENSP00000362563",3,791.742107482067,"ZBTB43"
"9606.ENSP00000362608",12,979.37436641419,"PIM1"
"9606.ENSP00000362638",6,785.582862166644,"MARCKSL1"
"9606.ENSP00000362680",137,46668.5755415751,"SRC"
"9606.ENSP00000362763",1,0,"ZBTB6"
"9606.ENSP00000362994",31,2636.56853915412,"TRAF1"
"9606.ENSP00000363040",2,0,"MEGF9"
"9606.ENSP00000363149",2,4.09707939909553,"SPDEF"
"9606.ENSP00000363254",2,936,"DRGX"
"9606.ENSP00000363391",2,24.9611059164288,"SPAG4"
"9606.ENSP00000363640",8,664.889326698121,"PHF1"
"9606.ENSP00000363668",4,5.28313492941336,"DAXX"
"9606.ENSP00000363689",12,77.2497542712341,"ID3"
"9606.ENSP00000363770",14,531.993795301104,"C1QC"
"9606.ENSP00000363773",19,1631.9421861053,"C1QA"
"9606.ENSP00000363868",23,1289.41372584314,"ABCA1"
"9606.ENSP00000363943",2,0,"TP53INP2"
"9606.ENSP00000363970",12,2504.61943642576,"MAP1LC3A"
"9606.ENSP00000363973",9,1066.11176229247,"ALPL"
"9606.ENSP00000364140",11,1503.90885880169,"COL15A1"
"9606.ENSP00000364501",2,0,"CD300LD"
"9606.ENSP00000364591",2,138.388613370098,"TSPYL2"
"9606.ENSP00000364709",9,698.697813060939,"F10"
"9606.ENSP00000364801",11,199.208463903742,"HSPA1B"
"9606.ENSP00000364802",34,6609.60020360622,"HSPA1A"
"9606.ENSP00000364805",12,243.322848250342,"HSPA1L"
"9606.ENSP00000364859",4,0.145604123302607,"CARD17"
"9606.ENSP00000364885",7,673.693149649151,"ZBTB17"
"9606.ENSP00000364945",1,0,"DDAH2"
"9606.ENSP00000364978",1,0,"LY6G6C"
"9606.ENSP00000365280",27,487.990572302707,"ID1"
"9606.ENSP00000365522",1,0,"C9ORF64"
"9606.ENSP00000365596",14,963.935097767753,"GPR183"
"9606.ENSP00000365678",2,677.02203673311,"OTUD1"
"9606.ENSP00000365682",16,1427.58930543177,"TLE1"
"9606.ENSP00000366032",9,5122.12938659629,"COMMD3"
"9606.ENSP00000366306",18,3884.05837872573,"SPRY2"
"9606.ENSP00000366307",27,506.184896237502,"THBD"
"9606.ENSP00000366410",4,546.877686437342,"NMNAT1"
"9606.ENSP00000366416",6,27.4545393300132,"EDNRB"
"9606.ENSP00000366465",4,1525.30844657687,"ZKSCAN3"
"9606.ENSP00000366487",3,2804,"ARL5B"
"9606.ENSP00000366509",4,53.6259518756962,"ZKSCAN4"
"9606.ENSP00000366886",3,0,"KLHL21"
"9606.ENSP00000366915",9,272.856168502152,"KLF5"
"9606.ENSP00000367013",13,465.029992269884,"TNFRSF25"
"9606.ENSP00000367815",1,0,"DNAAF1"
"9606.ENSP00000367832",37,85.5353510490253,"CCL7"
"9606.ENSP00000368104",48,8072.25211117541,"BMP2"
"9606.ENSP00000368450",32,351.304671529601,"CD83"
"9606.ENSP00000368538",32,277.967053185755,"TNFRSF4"
"9606.ENSP00000368592",1,0,"TTLL10"
"9606.ENSP00000368664",1,0,"RGCC"
"9606.ENSP00000368678",22,1475.46462011579,"AGRN"
"9606.ENSP00000368683",52,2954.16763559551,"EDN1"
"9606.ENSP00000368976",11,3302.93693046217,"KIFC3"
"9606.ENSP00000369391",8,711.338089120726,"RPP40"
"9606.ENSP00000369581",62,2201.71084365071,"IFNB1"
"9606.ENSP00000369703",5,230.254055520265,"TUBB2A"
"9606.ENSP00000369755",3,15.3090953852329,"C2CD4B"
"9606.ENSP00000369820",2,5.19690314500485,"PIGA"
"9606.ENSP00000369979",4,225.152758927714,"CPXM1"
"9606.ENSP00000370013",3,1576.760745463,"PTCD2"
"9606.ENSP00000370074",1,0,"SERPINB9"
"9606.ENSP00000370253",6,784.604480320965,"NKX3-1"
"9606.ENSP00000370256",9,699.142022287045,"FOXC1"
"9606.ENSP00000370770",1,0,"C17ORF107"
"9606.ENSP00000371073",2,936,"PLCXD1"
"9606.ENSP00000371219",7,359.994522799135,"RHOH"
"9606.ENSP00000371272",3,58.3338663549566,"PLIN5"
"9606.ENSP00000371333",25,1310.02909211368,"KLRD1"
"9606.ENSP00000371348",4,180.461611226688,"TMEM52B"
"9606.ENSP00000371388",7,3823.55524015782,"SRXN1"
"9606.ENSP00000371398",5,1228.7364942899,"GLIS3"
"9606.ENSP00000371548",2,268.984868717079,"LGI2"
"9606.ENSP00000371790",17,271.600536528925,"FGF9"
"9606.ENSP00000371858",7,2329.93193731128,"NOP2"
"9606.ENSP00000371994",3,64.8788781348447,"NYNRIN"
"9606.ENSP00000372295",8,468.183326133188,"GJB2"
"9606.ENSP00000373272",2,403.089643647868,"TRIM71"
"9606.ENSP00000373647",1,0,"FAM83G"
"9606.ENSP00000373854",7,3.15277397166207,"ITGAD"
"9606.ENSP00000374234",3,113.941456992264,"TMEM72"
"9606.ENSP00000374268",1,0,"GXYLT2"
"9606.ENSP00000375066",18,779.39236940257,"HCAR2"
"9606.ENSP00000375311",1,0,"PRR33"
"9606.ENSP00000375778",19,3095.29149258207,"LAMB3"
"9606.ENSP00000375783",1,0,"DACT3"
"9606.ENSP00000376048",18,5252.7391005119,"MAG"
"9606.ENSP00000376246",1,0,"MB21D2"
"9606.ENSP00000376368",4,1352.82678018626,"WASF1"
"9606.ENSP00000376395",2,0,"CD300E"
"9606.ENSP00000376421",2,0,"SDK2"
"9606.ENSP00000376583",5,675.00590036256,"RIC8B"
"9606.ENSP00000376587",2,936,"SLC33A1"
"9606.ENSP00000376658",7,568.691712642188,"SYCP3"
"9606.ENSP00000376946",10,1302.71416739528,"BBS10"
"9606.ENSP00000377148",3,57.1210591498897,"AP1G1"
"9606.ENSP00000377547",7,957.725464388226,"CCNJL"
"9606.ENSP00000378132",4,93.7849218963716,"IRX5"
"9606.ENSP00000378195",3,95.5770871711852,"GPR75"
"9606.ENSP00000378310",5,58.3821151542663,"SLC39A8"
"9606.ENSP00000378332",10,693.076064308406,"TGFB1I1"
"9606.ENSP00000378517",66,2752.81571494186,"SPP1"
"9606.ENSP00000378690",2,115.651708292615,"CALN1"
"9606.ENSP00000378699",48,11768.7129368376,"CDK1"
"9606.ENSP00000378957",2,11.5845813041226,"MFAP4"
"9606.ENSP00000379051",3,13.5199538760399,"PURB"
"9606.ENSP00000379110",75,1113.12434864552,"CXCL1"
"9606.ENSP00000379183",7,1795.78921783348,"PANX2"
"9606.ENSP00000379208",1,0,"ZNF248"
"9606.ENSP00000379412",5,963.720788903238,"ZNFX1"
"9606.ENSP00000379904",8,308.951425408531,"THRB"
"9606.ENSP00000380109",7,81.2781824470642,"NFKBID"
"9606.ENSP00000380247",5,42.048876905228,"HRH1"
"9606.ENSP00000380379",15,107.183214591596,"WNT5B"
"9606.ENSP00000380494",4,29.6448064588816,"MYCL"
"9606.ENSP00000380530",8,961.676692579845,"DUSP8"
"9606.ENSP00000380598",3,1282.20070603966,"BLOC1S5"
"9606.ENSP00000381057",6,241.949895574044,"RNASE1"
"9606.ENSP00000381185",15,1076.5826114969,"BCL2"
"9606.ENSP00000381298",2,0,"LONRF1"
"9606.ENSP00000381425",6,788.593642613399,"MPP3"
"9606.ENSP00000381498",6,1032.8086790149,"FGFRL1"
"9606.ENSP00000381657",10,1753.73189368847,"DOT1L"
"9606.ENSP00000381876",6,79.0724584012972,"DAAM2"
"9606.ENSP00000381970",4,1084.86440862925,"GIN1"
"9606.ENSP00000382204",7,162.435803414724,"JMJD1C"
"9606.ENSP00000382379",5,375.123942352185,"ANKRD28"
"9606.ENSP00000382707",12,66.4329465772576,"IFITM3"
"9606.ENSP00000382804",2,13.0934377338816,"ODF3B"
"9606.ENSP00000383115",9,643.715500799044,"COLEC12"
"9606.ENSP00000383185",2,0.429253766484313,"MACC1"
"9606.ENSP00000383232",5,1040.24884383604,"GGT1"
"9606.ENSP00000383641",16,143.028188483599,"CRLF2"
"9606.ENSP00000383923",2,173.186551675587,"LIPN"
"9606.ENSP00000384126",2,5.37654712292572,"LRRC32"
"9606.ENSP00000384192",8,290.943312893063,"RASGRP3"
"9606.ENSP00000384359",4,498.125118492662,"APOBEC3A"
"9606.ENSP00000384367",1,0,"KCTD1"
"9606.ENSP00000384371",48,3348.02093432646,"BCL6"
"9606.ENSP00000384387",2,0,"HCRTR1"
"9606.ENSP00000384490",8,1811.22769775397,"CBX6"
"9606.ENSP00000384794",2,37.5579127062078,"A4GALT"
"9606.ENSP00000384849",41,4766.69064675967,"CDKN1A"
"9606.ENSP00000384999",8,2047.43046308635,"P4HA2"
"9606.ENSP00000385090",18,64.7833188845858,"NLRC4"
"9606.ENSP00000385470",7,0,"TNFSF18"
"9606.ENSP00000385477",13,478.540159586184,"CLDN5"
"9606.ENSP00000385510",8,2890.89211463974,"GPSM2"
"9606.ENSP00000385592",2,36.8377897579976,"IGSF23"
"9606.ENSP00000385675",182,19795.9662692532,"IL6"
"9606.ENSP00000385741",2,0,"APOBEC3H"
"9606.ENSP00000385787",3,99.3860226300101,"POP1"
"9606.ENSP00000386125",2,936,"ARMC5"
"9606.ENSP00000386187",12,102.085110706908,"IFITM1"
"9606.ENSP00000386380",50,274.545281655806,"IL1R1"
"9606.ENSP00000386444",38,6597.38828727236,"SAG"
"9606.ENSP00000386499",2,35.6929266473171,"PRR35"
"9606.ENSP00000386543",1,0,"PREPL"
"9606.ENSP00000386807",1,0,"C4ORF48"
"9606.ENSP00000387462",1,0,"ZBTB10"
"9606.ENSP00000387535",4,1790.8617684761,"IRGQ"
"9606.ENSP00000387757",2,4.31753151902728,"HIC2"
"9606.ENSP00000387784",29,2003.93755920673,"SOS1"
"9606.ENSP00000387941",1,0,"IFFO2"
"9606.ENSP00000389026",2,0,"CRISP3"
"9606.ENSP00000390590",4,552.768649441985,"DDN"
"9606.ENSP00000391457",2,3.92102338730241,"INO80C"
"9606.ENSP00000391641",1,0,"ZNF780B"
"9606.ENSP00000392028",10,1213.96365352834,"CHD7"
"9606.ENSP00000392043",4,110.839215921188,"ATP2B1"
"9606.ENSP00000393198",6,49.2728199797111,"HES4"
"9606.ENSP00000393854",1,0,"CENPBD1"
"9606.ENSP00000394085",4,1000.05540774499,"JMJD6"
"9606.ENSP00000395389",9,1587.31578597602,"LPAR3"
"9606.ENSP00000395461",1,0,"BTBD19"
"9606.ENSP00000396915",7,170.594526686027,"SCN1B"
"9606.ENSP00000397598",5,439.028980633877,"KY"
"9606.ENSP00000398273",6,1100.35616289713,"SOX5"
"9606.ENSP00000398698",201,34121.4773509704,"TNF"
"9606.ENSP00000399805",5,826.021045052352,"CRYZ"
"9606.ENSP00000399888",9,541.755884097823,"HMGA1"
"9606.ENSP00000400223",6,1298.33367196657,"FJX1"
"9606.ENSP00000400252",2,936,"DNAI2"
"9606.ENSP00000400258",3,936,"DLGAP2"
"9606.ENSP00000400365",17,997.773539436835,"LAMA2"
"9606.ENSP00000400513",3,279.130780935437,"FASTKD1"
"9606.ENSP00000400803",1,0,"LRRC69"
"9606.ENSP00000400997",2,114.47399690165,"ZNF780A"
"9606.ENSP00000401645",25,358.210642584011,"SERPINB2"
"9606.ENSP00000401878",4,257.180491812876,"KBTBD8"
"9606.ENSP00000402084",22,1314.11465482156,"WEE1"
"9606.ENSP00000402584",2,0,"MDGA1"
"9606.ENSP00000403683",2,29.8942959230583,"NABP1"
"9606.ENSP00000404079",10,577.846238258743,"DNAJB5"
"9606.ENSP00000404151",2,32.2674228782936,"CEP170B"
"9606.ENSP00000406970",2,936,"LAX1"
"9606.ENSP00000407067",2,0,"FAM86B1"
"9606.ENSP00000408598",1,0,"PABPN1L"
"9606.ENSP00000409225",1,0,"C10ORF55"
"9606.ENSP00000410269",11,1151.47964836878,"TMEM176B"
"9606.ENSP00000410811",5,223.305551686557,"FIGNL1"
"9606.ENSP00000411073",2,0,"BCL7B"
"9606.ENSP00000411788",5,943.662669600591,"GPR35"
"9606.ENSP00000411898",8,974.53950306942,"EPGN"
"9606.ENSP00000412237",127,7342.29699575074,"IL10"
"9606.ENSP00000414517",10,1681.5718652779,"MAMLD1"
"9606.ENSP00000414657",8,70.2725370387085,"OSR2"
"9606.ENSP00000415243",7,125.897261665139,"SKIL"
"9606.ENSP00000415822",5,2088.17356272943,"ATXN1L"
"9606.ENSP00000416125",1,0,"ARHGEF38"
"9606.ENSP00000416293",26,2112.26972549982,"SLC2A1"
"9606.ENSP00000417401",21,4026.83196279806,"HELZ2"
"9606.ENSP00000417610",1,0,"RAB23"
"9606.ENSP00000418525",24,617.721738494853,"MME"
"9606.ENSP00000418748",2,0.105195485855863,"ESRP2"
"9606.ENSP00000418767",7,208.522107921065,"TREML2"
"9606.ENSP00000418915",65,15239.0060750108,"CDKN2A"
"9606.ENSP00000419945",11,39.6144318569745,"ERVW-1"
"9606.ENSP00000419952",2,23.5960065439762,"KCNAB1"
"9606.ENSP00000420174",1,0,"ERVFRD-1"
"9606.ENSP00000420384",10,1114.72053898711,"CST7"
"9606.ENSP00000420477",1,0,"NACAD"
"9606.ENSP00000422607",13,1330.81581480585,"ACSL1"
"9606.ENSP00000424079",1,0,"NHSL2"
"9606.ENSP00000424123",2,6.01987486198013,"ELOVL7"
"9606.ENSP00000426119",3,23.6850905466159,"CRIP2"
"9606.ENSP00000426613",3,5.86168440012877,"TNIP3"
"9606.ENSP00000427279",60,451.40028558927,"CXCL2"
"9606.ENSP00000428572",9,98.140177952381,"LY6E"
"9606.ENSP00000430897",2,936,"CCDC71L"
"9606.ENSP00000432456",3,69.7839641142022,"GPR61"
"9606.ENSP00000433109",9,555.466158802774,"KCNA2"
"9606.ENSP00000433282",2,2.50062977957715,"SLC22A18AS"
"9606.ENSP00000433343",1,0,"FAM118B"
"9606.ENSP00000433642",54,1845.82682889393,"FCGR3B"
"9606.ENSP00000434033",5,209.694506971816,"RAP1GAP"
"9606.ENSP00000434034",15,1397.96263766707,"FZD4"
"9606.ENSP00000435421",3,939.780008400405,"DDIAS"
"9606.ENSP00000436607",14,13.2619606224734,"ADM"
"9606.ENSP00000436714",3,0.421460892049127,"HCAR3"
"9606.ENSP00000437955",101,18338.1524805963,"HIF1A"
"9606.ENSP00000438748",2,0,"SMG8"
"9606.ENSP00000440273",3,0,"SH2B2"
"9606.ENSP00000440643",31,58.6285348843606,"TLR5"
"9606.ENSP00000440864",29,3568.40865752421,"NR4A1"
"9606.ENSP00000441214",3,1154.99252217572,"USP36"
"9606.ENSP00000442795",10,440.072661811933,"MYBPC3"
"9606.ENSP00000442837",2,0,"RGS13"
"9606.ENSP00000443191",5,216.449175366946,"KLHL13"
"9606.ENSP00000443319",7,167.564233099144,"PFKFB3"
"9606.ENSP00000444433",7,1433.94334617336,"SCO2"
"9606.ENSP00000445359",4,272.60323821795,"ATP8B1"
"9606.ENSP00000445626",9,133.077775848324,"EGR4"
"9606.ENSP00000446184",9,625.387014535638,"RRP12"
"9606.ENSP00000446252",33,8394.80942692743,"SOD2"
"9606.ENSP00000446485",3,104.014859415286,"GTSF1"
"9606.ENSP00000447679",1,0,"INAFM1"
"9606.ENSP00000448165",29,1248.32271643607,"APAF1"
"9606.ENSP00000448665",36,973.59183618439,"DDIT3"
"9606.ENSP00000448955",3,0,"GAS2L3"
"9606.ENSP00000449999",6,22.1737824849453,"CLEC5A"
"9606.ENSP00000450244",6,312.140230111691,"RASAL1"
"9606.ENSP00000450310",12,271.25159357855,"GPR84"
"9606.ENSP00000450524",3,253.986515841714,"MAP1LC3B2"
"9606.ENSP00000451261",2,11.097499229849,"UBE2J1"
"9606.ENSP00000452120",12,21.7783137634657,"ITGA7"
"9606.ENSP00000452126",13,2134.94526327145,"RGMA"
"9606.ENSP00000452871",11,2107.79917579779,"TLE3"
"9606.ENSP00000453302",3,22.6071774797566,"ADAM8"
"9606.ENSP00000454071",39,3338.08222395351,"LDLR"
"9606.ENSP00000456340",11,7127.87066816341,"DET1"
"9606.ENSP00000462521",18,914.914086733395,"TXNIP"
"9606.ENSP00000463069",6,39.0975216963407,"RNF43"
"9606.ENSP00000463325",2,0,"PTPRM"
"9606.ENSP00000464788",1,0,"ZNF285"
"9606.ENSP00000464976",1,0,"ZNF850"
"9606.ENSP00000467290",9,199.267454884543,"SEMA6B"
"9606.ENSP00000467494",6,2071.96286677559,"GIPR"
"9606.ENSP00000468308",3,206.831978686156,"FAM20A"
"9606.ENSP00000468354",2,15.315609388152,"ANKRD29"
"9606.ENSP00000468678",1,0,"PLEKHH3"
"9606.ENSP00000468897",14,683.907090540179,"FPR2"
"9606.ENSP00000469647",23,357.483071454736,"ZFP36"
"9606.ENSP00000469686",4,1600.38832476244,"EGLN2"
"9606.ENSP00000471894",16,658.317896304703,"HAMP"
"9606.ENSP00000472474",2,0,"IL4I1"
"9606.ENSP00000473159",15,731.567359298494,"FFAR2"
"9606.ENSP00000473941",1,0,"HEATR9"
"9606.ENSP00000474412",80,2414.33291686223,"CCL5"
"9606.ENSP00000475025",3,8.09518557869225,"TLCD4-RWDD3"
"9606.ENSP00000477564",1,0,"SCARF2"
"9606.ENSP00000477908",71,824.875458594667,"CCL3"
"9606.ENSP00000478061",7,1073.63113013569,"MARCKS"
"9606.ENSP00000478070",4,68.7361572071576,"CWC25"
"9606.ENSP00000478179",1,0,"CASP8AP2"
"9606.ENSP00000478305",3,42.6679239367267,"SMOX"
"9606.ENSP00000478570",136,14578.9064254089,"VEGFA"
"9606.ENSP00000478591",1,0,"NEURL3"
"9606.ENSP00000478962",8,887.634922677614,"CBY1"
"9606.ENSP00000479153",5,103.063775748751,"EHD1"
"9606.ENSP00000479536",10,151.734660821611,"CD177"
"9606.ENSP00000479580",7,547.655853184208,"GIMAP6"
"9606.ENSP00000479618",145,42680.7186314921,"MYC"
"9606.ENSP00000479679",2,0,"KCP"
"9606.ENSP00000480050",11,2580.7123036116,"SYN2"
"9606.ENSP00000480297",1,0,"ZNF2"
"9606.ENSP00000480439",1,0,"DHRS3"
"9606.ENSP00000480558",26,8.91213474595734,"CCL3L3"
"9606.ENSP00000480573",3,26.9567729175765,"ADRA2B"
"9606.ENSP00000480601",2,13.1589139499705,"CFAP99"
"9606.ENSP00000480821",6,27.7737127709901,"LSR"
"9606.ENSP00000480966",9,105.02395101086,"P2RY6"
"9606.ENSP00000480971",4,552.72731826432,"SSTR3"
"9606.ENSP00000480987",28,2505.06824529919,"MCM3"
"9606.ENSP00000481559",5,1846.76264511318,"MRM1"
"9606.ENSP00000481570",53,1642.9709474683,"TNFAIP3"
"9606.ENSP00000481675",11,506.214564125814,"SPRY1"
"9606.ENSP00000482027",11,122.216993277184,"NR4A3"
"9606.ENSP00000482093",10,115.886584148863,"PER3"
"9606.ENSP00000482259",70,1792.21219050081,"CCL4"
"9606.ENSP00000482546",8,420.967912234125,"REC8"
"9606.ENSP00000482579",1,0,"ZMYM1"
"9606.ENSP00000482581",10,589.372436784736,"TWIST2"
"9606.ENSP00000482609",6,1064.83277087703,"PEX12"
"9606.ENSP00000483077",1,0,"ZNF74"
"9606.ENSP00000483386",2,1659.99024224088,"RIMBP3"
"9606.ENSP00000483667",9,781.526343924205,"CHD1"
"9606.ENSP00000484146",11,2675.86321123738,"SEMA3B"
"9606.ENSP00000484342",9,373.885128960726,"NEB"
"9606.ENSP00000484824",35,6631.22234852352,"MUC1"
