"drug","targets","avg_score"
"INFLIXIMAB",3,NA
"ADALIMUMAB",2,NA
"ALTEPLASE",2,0.0754730981243488
"Approved",2,NA
"CELASTROL",2,0.158493506061132
"CHINESE HERBS",2,0.522246884342592
"CLAZAKIZUMAB",2,2.66345911014722
"ECHINACEA PREPARATION",2,0.522246884342592
"ETANERCEPT",2,NA
"GALLIUM NITRATE",2,0.225312227244947
"IBUDILAST",2,0.065280860542824
"INSULIN",2,NA
"LENALIDOMIDE",2,0.104022908625496
"MIDOSTAURIN",2,0.0464775660388209
"PENTOXIFYLLINE",2,0.0372648421988972
"PF",2,NA
"PLACULUMAB",2,0.561331167299844
"REMTOLUMAB",2,0.280665583649922
"SORAFENIB",2,0.0117591114098386
"THALIDOMIDE",2,0.0441341458319288
"ZILTIVEKIMAB",2,0.799037733044166
"HYDROXYSTAUROSPORINE",1,0.0608435880639692
"ABBV",1,0.280665583649922
"ABBV",1,0.187110389099948
"ACITRETIN",1,0.191925729995903
"ACUMAPIMOD",1,0.395483322415799
"AFELIMOMAB",1,0.561331167299844
"AME",1,NA
"AMPHOTERICIN B LIPOSOMAL",1,0.0431793205615265
"AN",1,0.561331167299844
"ANESTHETIC AGENT",1,0.112266233459969
"ANTI CTLA MONOCLONAL ANTIBODY",1,0.790966644831599
"ANTI PD L MONOCLONAL ANTIBODY",1,0.1977416612079
"ANTICONVULSANT AGENT",1,0.136480519108197
"ANTIDEPRESSANT AGENT",1,0.03936938051198
"ARRY",1,0.1318277741386
"ARSENIC TRIOXIDE",1,0.0819525880045299
"ASPIRIN",1,0.0230023346811569
"ATORVASTATIN CALCIUM TRIHYDRATE",1,NA
"AUTOANTIGEN",1,0.682402595540987
"AVX",1,1.12266233459969
"AZ",1,0.561331167299844
"AZD",1,0.395483322415799
"AZD",1,0.395483322415799
"BACILLUS CALMETTE GUERIN ANTIGEN",1,0.0935551945499741
"BAY",1,0.527311096554399
"BECLOMETHASONE DIPROPIONATE",1,NA
"BENZO E PYRENE",1,0.187110389099948
"BIAFINE CREAM",1,2.13076728811778
"BINETRAKIN",1,0.426153457623555
"BMS",1,0.790966644831599
"BUPIVACAINE",1,NA
"CABOZANTINIB S MALATE",1,0.0719060586210545
"CANAKINUMAB",1,NA
"CARBAMAZEPINE",1,0.0458229524326404
"CARBOPLATIN",1,0.0130542131930196
"CBS",1,0.2636555482772
"CDP",1,1.02360389331148
"CEFACLOR ANHYDROUS",1,0.146229127615926
"CEFOTAXIME SODIUM",1,0.112266233459969
"CELECOXIB",1,0.0236109446218388
"CEQ",1,2.3728999344948
"CERTOLIZUMAB",1,0.561331167299844
"CERTOLIZUMAB PEGOL",1,NA
"CETUXIMAB",1,0.042754953774681
"CHEMBL CHEMBL",1,1.5819332896632
"CHEMBL CHEMBL",1,0.0988708306039499
"CHEMBL CHEMBL",1,0.0719060586210545
"CHEMBL CHEMBL",1,0.790966644831599
"CISPLATIN",1,0.00724750778271353
"CLODRONIC ACID",1,0.186109798783906
"COMPOUND PMID",1,0.790966644831599
"COMPOUND E PMID",1,0.1977416612079
"COVA",1,0.280665583649922
"CROMOLYN SODIUM",1,0.561331167299844
"CYCLOPHOSPHAMIDE ANHYDROUS",1,0.0195300406131259
"CYCLOSPORINE",1,NA
"CYT TNFQB",1,NA
"CYTARABINE",1,0.025590097332787
"DERSALAZINE",1,NA
"DEXAMETHASONE",1,NA
"DIACETYLRHEIN",1,0.227467531846996
"DIDANOSINE",1,0.0801901667571206
"DIGOXIN",1,0.0165097402147013
"DIHYDROSPHINGOSINE",1,0.355127881352963
"DILMAPIMOD",1,NA
"DITHIAZANINE IODIDE",1,0.0608435880639692
"DORAMAPIMOD",1,0.034389854123113
"DRUGSATFDA NDA",1,0.227467531846996
"DULOXETINE HYDROCHLORIDE",1,0.0819525880045299
"ELSILIMOMAB",1,1.06538364405889
"EMPESERTIB",1,0.527311096554399
"ENZYME INHIBITOR",1,0.177563940676481
"EOSIN Y",1,1.5819332896632
"ERYTHROMYCIN",1,0.0890090342009983
"ETHAMBUTOL HYDROCHLORIDE",1,0.420998375474883
"ETIDRONIC ACID",1,0.146229127615926
"EVEROLIMUS",1,0.0697911745439646
"FENOFIBRATE MICRONIZED",1,NA
"FENTANYL CITRATE",1,NA
"FLUOCINOLONE ACETONIDE",1,NA
"FLUORESCEIN SODIUM",1,1.5819332896632
"FLUTICASONE",1,NA
"FOLIC ACID",1,0.046777597274987
"GEMCITABINE",1,0.0122028514630401
"GEMFIBROZIL",1,0.16390517600906
"GENTAMICIN",1,0.0488114058521604
"GEVOKIZUMAB",1,3.07081167993444
"GLIMEPIRIDE",1,0.140332791824961
"GLUCOSAMINE",1,1.02360389331148
"GOLIMUMAB",1,NA
"HALOFUGINONE",1,0.187110389099948
"HMG COA REDUCTASE INHIBITOR",1,0.532691822029444
"HOMIDIUM BROMIDE",1,0.0193562471482705
"HUANG LIAN",1,1.12266233459969
"HYDROCORTISONE BUTYRATE",1,0.0487430425386419
"HYDROQUINONE",1,0.12042398744841
"HYDROXYCHLOROQUINE",1,0.0623701296999827
"IFOSFAMIDE",1,0.152197663436984
"IMATINIB",1,0.0219712956897666
"IMIPENEM CILASTATIN SODIUM",1,2.13076728811778
"IMMUNOSTIMULANT",1,1.12266233459969
"INTERFERON ALFA B",1,NA
"ISIS",1,NA
"LACTULOSE",1,0.280665583649922
"LANSOPRAZOLE",1,NA
"LAPACHONE",1,0.0431793205615265
"LENABASUM",1,0.187110389099948
"LENERCEPT",1,0.561331167299844
"LETROZOLE",1,0.0439425913795333
"LEVOFLOXACIN ANHYDROUS",1,0.355127881352963
"LINEZOLID",1,0.236751920901975
"LITHIUM",1,0.0487430425386419
"LOSMAPIMOD",1,0.2636555482772
"LUTIKIZUMAB",1,1.02360389331148
"MAFOSFAMIDE",1,0.51180194665574
"MAGNESIUM SULFATE ANHYDROUS",1,0.280665583649922
"MAPK IN",1,0.395483322415799
"MASOPROCOL",1,NA
"MEDI",1,1.06538364405889
"MELATONIN",1,0.0705933719525159
"MEROPENEM ANHYDROUS",1,1.12266233459969
"METFORMIN",1,0.0499318972347064
"METHIMAZOLE",1,0.0534601111714137
"METHYLENE BLUE",1,0.0623701296999827
"METRONIDAZOLE",1,0.532691822029444
"MIDAZOLAM HYDROCHLORIDE",1,NA
"MILTEFOSINE",1,0.187110389099948
"MITOGEN ACTIVATED PROTEIN KINASE INHIBITOR",1,0.292458255231852
"MITOMYCIN C ANALOG KW",1,1.12266233459969
"MPI",1,0.527311096554399
"MPS IN",1,0.790966644831599
"MRA US",1,1.06538364405889
"MW",1,0.790966644831599
"MYCOPHENOLATE MOFETIL",1,0.0701663959124806
"NAFAMOSTAT",1,0.0510301061181677
"NDPPC",1,0.790966644831599
"NEFLAMAPIMOD",1,0.1318277741386
"NELFINAVIR",1,0.355127881352963
"NERELIMOMAB",1,0.561331167299844
"NICARDIPINE",1,0.127950486663935
"NIMUSTINE",1,0.767702919983611
"NIROGACESTAT",1,0.0564976174879714
"NMS P",1,0.790966644831599
"Not Approved",1,NA
"OFLOXACIN",1,0.170600648885247
"OLOKIZUMAB",1,NA
"OMEPRAZOLE",1,NA
"ONERCEPT",1,0.561331167299844
"ORTATAXEL",1,0.187110389099948
"OSIMERTINIB",1,0.112995234975943
"OSUGACESTAT",1,0.395483322415799
"OZORALIZUMAB",1,NA
"PAMAPIMOD",1,0.1318277741386
"PAREGORIC",1,0.0445045171004992
"PEGINTERFERON ALFA A",1,NA
"PEGINTERFERON ALFA B",1,0.0998797166305208
"PEGSUNERCEPT",1,1.12266233459969
"PENTAMIDINE",1,2.04720778662296
"PEXMETINIB",1,0.0439425913795333
"PF",1,0.2636555482772
"PF",1,0.1977416612079
"PH",1,0.395483322415799
"PICIBANIL",1,0.224532466919938
"PNEUMOCOCCAL POLYVALENT VACCINE",1,1.12266233459969
"POLYVALENT VACCINE",1,2.04720778662296
"PP",1,0.1318277741386
"PRAVASTATIN SODIUM",1,NA
"PRAZOSIN HYDROCHLORIDE",1,0.112266233459969
"PRI",1,0.395483322415799
"PROCARBAZINE HYDROCHLORIDE",1,0.561331167299844
"PROPYLTHIOURACIL",1,0.0561331167299844
"PROTON PUMP INHIBITOR",1,0.280665583649922
"PYRAZINAMIDE",1,0.129537961684579
"RABEPRAZOLE",1,0.0431793205615265
"RALIMETINIB",1,0.1977416612079
"RALOXIFENE HYDROCHLORIDE",1,0.0409441557324592
"RECOMBINANT HUMAN ENDOSTATIN",1,0.790966644831599
"RESVERATROL",1,NA
"RIBAVIRIN",1,0.0841092350572807
"RIFAMPIN",1,0.0601426250678405
"RILONACEPT",1,NA
"RISEDRONIC ACID",1,NA
"RISPERIDONE",1,NA
"RITUXIMAB",1,0.0591879802254938
"RUTIN",1,0.112266233459969
"SAM MODULATOR CWP",1,0.790966644831599
"SAQUINAVIR",1,0.236751920901975
"SB",1,0.0219712956897666
"SB",1,0.0272747118907448
"SB",1,0.0255150530590838
"SELECTIVE ESTROGEN RECEPTOR MODULATOR",1,0.355127881352963
"SELENIUM",1,0.125339252242222
"SIGNAL TRANSDUCTION INHIBITOR",1,0.532691822029444
"SILTUXIMAB",1,2.13076728811778
"SIRUKUMAB",1,NA
"SKF",1,0.395483322415799
"SOBLIDOTIN",1,0.0660389608588052
"SPIRONOLACTONE",1,0.0701663959124806
"STAVUDINE",1,0.086358641123053
"TAK",1,0.395483322415799
"TALMAPIMOD",1,NA
"TEMSIROLIMUS",1,0.10546221931088
"TETRANDRINE",1,0.374220778199896
"THERAPEUTIC HORMONE",1,0.0255150530590838
"THYROGLOBULIN",1,0.682402595540987
"TILUDRONIC ACID",1,0.682402595540987
"TIMOLOL MALEATE",1,0.374220778199896
"TRAMETINIB DIMETHYL SULFOXIDE",1,0.033658155099217
"TRICIRIBINE",1,0.2636555482772
"TT",1,2.04720778662296
"USTEKINUMAB",1,NA
"VANTICTUMAB",1,0.225990469951885
"VERAPAMIL",1,0.0454935063693992
"VITAMIN A PALMITATE",1,0.710255762705926
"VITAMIN B",1,0.187110389099948
"VITAMIN K",1,0.236751920901975
"VX",1,0.395483322415799
"YSIL",1,1.06538364405889
