"","baseMean","log2FoldChange","lfcSE","stat","pvalue","padj"
"LINC02899",11.8042921377287,-4.38186573993681,1.44887223784019,-3.0243285953693,0.00249185627592619,0.0116208450326723
"HSPE1P27",1.86401038549889,-3.67694727114639,1.34711281381176,-2.72950211255298,0.00634300426919486,0.0248947217060281
"TRIM61",1.85522055009208,-3.67069275230983,1.06120705154794,-3.45897885521542,0.00054222747054514,0.00331241562314527
"RNU6-549P",1.3649567772974,-3.58032061350634,1.29550073984263,-2.76365771426826,0.00571574625568118,0.0228077466795435
"GAPDHP33",1.36428897315998,-3.57969343120949,1.26512448106153,-2.82951874285593,0.00466180693522235,0.0193074790133495
"PRKCE-AS1",2.72670487003642,-3.55014124069765,1.0766696623455,-3.29733563121278,0.000976067863509552,0.00539879024783981
"PIMREGP3",1.32295802533261,-3.53535994177763,1.42283923213068,-2.48472199946545,0.012965263979289,0.0442630390167572
"BRD7P3",2.02497609225164,-3.44823227040079,0.946106995397372,-3.64465360384796,0.000267752184066524,0.00183910799359979
"SORL1-AS1",1.94003164232239,-3.38412971052321,1.25891614263475,-2.68812957107744,0.00718535091948068,0.0275047831977889
"PARS2",11.2222798713631,-3.35922243451226,0.577374118132094,-5.81810359872024,5.9519010986559e-09,2.89291585280174e-07
"RPL36AP33",1.48963290269765,-3.34497796986647,1.15061805528683,-2.9071140979381,0.00364780118369919,0.0157667742948452
"EEF1B2P1",1.48549418986275,-3.34187677512335,0.931348578697402,-3.5882126752127,0.000332952650409415,0.00220788452713871
"TRDC",2.35364621685299,-3.32690587230702,1.00036621934878,-3.32568794103502,0.000882006154936618,0.00496472887086128
"RNU4-82P",1.73677069299494,-3.2163958586271,1.18633092369747,-2.71121303034272,0.00670375410713937,0.0260323187125301
"NXPH3",1.32338656654147,-3.16924564142473,1.26118400061365,-2.51291297691905,0.0119738867440278,0.0414899362354252
"BACH1-IT3",1.31912677463962,-3.1653597360707,1.27118682065403,-2.49008224805392,0.0127713536511541,0.0437181743291665
"MIR3177",2.6465852359831,-3.16042438048329,1.02495546002395,-3.08347484719916,0.00204598404913517,0.00992555438359344
"OSGEPL1-AS1",1.65284054808165,-3.14117593576153,1.07348249801462,-2.92615477343232,0.00343180157192631,0.0149966870259729
"RPL26P9",2.06964503903894,-3.13013662267216,1.25593238405282,-2.4922811629169,0.0126925518522858,0.0435068677826816
"CP",5.74752289005039,-3.11570445686541,0.734754873814184,-4.24046790011951,2.23054333210944e-05,0.000236835904512906
"HCG14",1.61123288066924,-3.10260291567179,0.97758116447909,-3.17375480257441,0.00150480755129893,0.00772453441728643
"SNORA1B",5.58352136573576,-3.07086745072762,0.759950231423654,-4.04087968362718,5.32510749340854e-05,0.000487628563533757
"MIR133A1HG",1.98187752731196,-3.06386297221678,1.02929885586753,-2.9766505177298,0.00291415994310644,0.0131335990563751
"PGAM1P6",2.44058297983002,-3.03508867600787,1.20730395212238,-2.51393915399045,0.0119391030337247,0.0414176818194441
"RPL21P123",6.0335528427295,-3.02980635532504,0.822034305534808,-3.68574198780412,0.000228037287639192,0.00161610216007465
"RN7SKP9",2.40206149582379,-3.0099000150224,0.986741225962584,-3.05034383466262,0.00228579517880164,0.0108441527658148
"MIR378A",1.90176774847155,-3.00006074459581,1.21508635699945,-2.46901031133638,0.01354873142989,0.0458687172606523
"LMO7-AS1",4.0468401406924,-2.96207829427312,0.834248417222478,-3.55059504234359,0.000384361327680521,0.00249499176243272
"IGIP",13.2037840204048,-2.95252752719324,0.572270838713835,-5.15931850350609,2.47850359443912e-07,5.72688434165869e-06
"MPP7-DT",1.81974184172134,-2.93145702049976,1.08522384861424,-2.70124640574666,0.00690801384857953,0.0266375164355732
"OVCH1",3.88835308814286,-2.89796772245667,0.927865547119818,-3.12326255830085,0.00178858114916935,0.00888563359995682
"RPL7P21",2.22860781081219,-2.8945574690612,1.00866641082891,-2.8696875775634,0.00410877547448477,0.0173857448185035
"MKRN3",2.76683433147126,-2.89420904192956,0.98581342318672,-2.93585882871609,0.0033262565991142,0.0146250345612519
"LINC02575",3.3033709888842,-2.88808795731721,0.927709273209365,-3.11313904120632,0.00185108787751827,0.00914419982253419
"DPYD-AS2",3.22243956222445,-2.84863362188701,0.888458552548207,-3.20626506854685,0.00134470057492431,0.00701983285206317
"FCRL2",6.10303452596432,-2.76098642397831,0.950423087359623,-2.90500773886778,0.0036724401988875,0.0158502270185713
"PA2G4P6",5.95177930864826,-2.72297443319484,0.706374097954451,-3.85486166760665,0.000115795085122232,0.000925012417559506
"TLCD4-RWDD3",2.47992052059189,-2.72207152082014,1.00585372620483,-2.70622999140317,0.00680518972646226,0.0263192729919922
"RPL34P34",1.24044823424074,-2.70165442310788,1.03949191114137,-2.59901437822778,0.00934918572030077,0.0339309816640336
"DSTNP3",1.23805601875337,-2.69904858542456,1.05480767823631,-2.55880635030787,0.0105032231170874,0.0373353642357639
"RPL5P30",1.19652699083098,-2.64657916749625,1.07517353191563,-2.46153675563504,0.0138343221761835,0.0467114592047628
"RPL34P20",16.5350330919801,-2.60235853387771,0.568305020059387,-4.57915809648447,4.66851237610121e-06,6.50093081693156e-05
"OR52P2P",7.72773128668364,-2.58194547650136,0.657164258366955,-3.92891951080459,8.53283914776219e-05,0.000717627462130042
"FAM86B1",2.23225431619328,-2.55613663758359,1.00450778935066,-2.54466582009875,0.0109382363606396,0.0385681478950563
"HLA-W",1.77520447939451,-2.53651320736348,1.01283840982434,-2.50436119203199,0.0122672730130129,0.0423256510650142
"SHOC1",3.92140223824483,-2.51877407275137,0.74669182865604,-3.37324445787076,0.000742879664735457,0.00431597798319602
"TTLL1-AS1",2.14684949692513,-2.49440423285751,1.00968063979095,-2.4704883252728,0.0134928723105668,0.0457143126829802
"IGSF23",3.83861897574316,-2.48439666879621,0.834138754206868,-2.97839736646509,0.00289760054245874,0.0130830328047779
"MFSD1P1",5.91383376790794,-2.46714945904196,0.849889088432987,-2.90290755890378,0.00369715749676175,0.0159376257678192
"POU5F1P4",4.12984302138834,-2.43311069174602,0.789635180363508,-3.08130989126641,0.00206092034529232,0.0099850943368492
"DISC1-IT1",2.85017047870478,-2.4119633064091,0.964565084164647,-2.50057082306474,0.0123993338079419,0.0427399645345057
"RNU6-920P",2.02245994193911,-2.3986819018945,0.909911901384887,-2.6361693898538,0.00838478633808335,0.0310780575520851
"PEX11A",7.6353742691377,-2.3888885235791,0.517691106675346,-4.61450562463925,3.9403210488864e-06,5.62749774780109e-05
"MIR5695",4.4231260026823,-2.38325923798275,0.795108335193566,-2.99740190423554,0.00272291475028178,0.0124541931578273
"KCTD9P1",3.59720137424992,-2.38003976667128,0.942821633761274,-2.52437967208749,0.0115902675768405,0.0404118829233151
"YAE1",11.0972032429711,-2.36625513332439,0.536757649213374,-4.4084236839329,1.04125698005456e-05,0.000126611738310928
"MIR3605",2.3536022083752,-2.35018185367907,0.917599081848726,-2.56122951751875,0.0104302424316265,0.0371292485522557
"SNORA80E",3.42738432745947,-2.30276400990472,0.890852010387009,-2.58490072768017,0.00974070386480734,0.0351587769203629
"GIMAP7",799.042962089289,-2.2826126434243,0.394112328473786,-5.79178188173863,6.96435514535941e-09,3.3170425273445e-07
"BACE1-AS",7.8453392994774,-2.27038758699907,0.620621187942719,-3.65825020335694,0.000253943079215743,0.00176134616531461
"RPS2P45",3.3450179528125,-2.26282177334668,0.870050353237876,-2.60079404016748,0.00930082745460902,0.0338036186094775
"ERVFRD-1",3.67405160694811,-2.24423368365907,0.800568186162846,-2.80330110844869,0.00505824200462591,0.020623753343661
"TMEM72",4.00738358104451,-2.2300544157104,0.710896767382895,-3.13695956716775,0.00170709667173991,0.00856091943505665
"ATP6V0CP1",16.3337364789479,-2.22464778496654,0.571986933083413,-3.88933322825072,0.000100520017254332,0.000819879317687596
"RIMBP3",7.13726506762847,-2.196400665421,0.702765033677605,-3.12536987494544,0.00177581617480428,0.00884585560629955
"LINC01579",4.63319317766588,-2.1882311824281,0.81761365018439,-2.67636331895218,0.00744259158984726,0.0283132754915111
"CAP2P1",5.33103560331169,-2.18650836980368,0.738325384340743,-2.96144276788754,0.00306201395903041,0.013682416082461
"SOWAHD",84.6248777427118,-2.17624455993157,0.287215758724748,-7.57703744945682,3.5353475805837e-14,1.26127060284904e-11
"LINC02381",4.58392416793076,-2.17568139134898,0.816070137587803,-2.66604706034216,0.00767489485754713,0.0290113953102195
"HSPA1A",893.079008858445,-2.16578775798087,0.409350394528719,-5.29079191550389,1.21787866757227e-07,3.2328154274039e-06
"BEND3P1",3.83971963980362,-2.16028939511118,0.765030098568465,-2.82379660506632,0.0047458491420413,0.019591866927964
"ARL4AP4",5.91353144793766,-2.15368852786414,0.833002064875196,-2.58545400867262,0.00972508462143405,0.0351261153637467
"HSPA1B",49.4626892182344,-2.13170100583863,0.372905163050471,-5.71646953987096,1.08759954748383e-08,4.65242223693445e-07
"ZNF285",4.04232949071233,-2.10285225964818,0.733848353272647,-2.86551335881639,0.00416333706485356,0.0175776583580728
"GIMAP8",1219.71232315957,-2.10272861107145,0.347773105938004,-6.04626572661514,1.48241526735235e-09,9.14993894084123e-08
"KRT18P57",6.03806833597919,-2.09386954303651,0.729102527160165,-2.87184513156479,0.00408082900788817,0.0172824852428085
"SLC47A2",3.67955672003896,-2.08478656902963,0.800814946773875,-2.60333124079202,0.00923227070672083,0.0336092336462217
"PIWIL2",4.2983579493651,-2.0708557548072,0.824919192544333,-2.51037407484723,0.0120603327909142,0.0417246346633685
"LDLRAD4-AS1",4.91676209070737,-2.05501290145102,0.82874887488476,-2.47965694280644,0.0131508841480172,0.0448109783060803
"CTBP2P8",2.60320378537508,-2.04413060398676,0.811739792932457,-2.51820918696399,0.0117953243915452,0.0410226158113441
"CDK5R1",133.779805317138,-1.99910131136552,0.351404523889966,-5.68888894552619,1.27868588571252e-08,5.3168295639487e-07
"SLC40A1",623.892350160885,-1.99586677473944,0.371572639617068,-5.37140403232144,7.81259426396876e-08,2.25139025009168e-06
"SNORA16B",5.24890893288916,-1.95801233695615,0.71634895290137,-2.73332197810267,0.00626990069946199,0.0246738604572428
"PHACTR2-AS1",7.73203170114732,-1.95793239876935,0.538104471687987,-3.63857299425052,0.000274152926952375,0.00187728979308117
"DIAPH2-AS1",4.63342154808431,-1.95747007469606,0.687244069910805,-2.8482895093589,0.00439549190610771,0.0183894375957742
"ZKSCAN7",14.9313406869137,-1.93718659020397,0.395592897580881,-4.89691954039166,9.73506746948873e-07,1.76837203177943e-05
"EIF4HP2",4.87250815587968,-1.93268470385539,0.696436222272618,-2.775106523823,0.00551836297102515,0.0221205749836285
"SCRG1",7.5999011472649,-1.93209395729691,0.548064854358701,-3.52530168999376,0.000423000755008643,0.00269481695280149
"FLJ42393",5.45421542590613,-1.92734614990146,0.652273549332813,-2.95481267310759,0.0031285895105842,0.0139240967289923
"PAQR8",182.880289617992,-1.8979117462607,0.418519768053406,-4.53481983679803,5.76526763019968e-06,7.78507524507963e-05
"TMCC1-DT",10.7300278227521,-1.89689349167078,0.57191180641114,-3.31675875616934,0.000910682142233136,0.00510256594178317
"KRT18P31",3.55129203904682,-1.88647540957619,0.673962531929394,-2.79908054261661,0.00512483525255768,0.0208428662186785
"FCRL3",14.1007027694599,-1.87530317158358,0.521245612707636,-3.59773420795279,0.000321001402798828,0.00213737328224169
"KLHL13",2.93023537188918,-1.86993761757796,0.730800862922262,-2.55875124462855,0.0105048880535541,0.0373353642357639
"N6AMT1",17.6200483365359,-1.84564296226545,0.36903930356913,-5.00120974762168,5.69716890926665e-07,1.12792562711985e-05
"KIF23",33.247274751233,-1.83426260925439,0.421345178558299,-4.35334899412072,1.3407345741673e-05,0.000156620977956753
"ATP5MC2P3",13.4608885459083,-1.83285724242984,0.573326156859786,-3.19688404322723,0.00138920760215628,0.00720997532943374
"ZNF563",8.29059111112968,-1.82891193679793,0.636636441788673,-2.87277293090461,0.0040688644974699,0.017235907125592
"ZNF2",23.1326377183684,-1.80631877532462,0.5480530510151,-3.29588307551426,0.000981128401172525,0.00542341754574388
"ATP5PBP1",5.04379570862109,-1.79296656261287,0.708565144552185,-2.53041879973651,0.0113926451574407,0.0399022195795068
"WNT5B",46.6352198606917,-1.78885288808317,0.341034504823361,-5.24537213326759,1.55967197935953e-07,3.90202367010032e-06
"AOAH-IT1",9.17261657830346,-1.78087412434383,0.51420461433327,-3.46335694916497,0.000533480175367306,0.00326905509041635
"CSMD1",47.4962236278024,-1.76084403586271,0.712879728280482,-2.47004363570556,0.0135096571844918,0.0457624885789907
"RPL35AP2",10.1384116124668,-1.75329884914678,0.684626005616761,-2.56095858872215,0.0104383797715273,0.0371433908566734
"C17ORF80",70.6158401351456,-1.74832910648599,0.303361663033673,-5.76318407870781,8.25416833265756e-09,3.76567403370705e-07
"ADGRE4P",183.077840832455,-1.74055738202535,0.604274018970617,-2.88041075303949,0.00397157375914203,0.0168730406474884
"ERVW-1",7.31040109536238,-1.73489319482245,0.644420509372382,-2.69217563623496,0.00709875501622662,0.0272200326697013
"COL10A1",6.44227403726491,-1.72347135007645,0.675178147604894,-2.55261719620258,0.010691693305656,0.0378259470817714
"DDX50P1",4.29621356607699,-1.72230147432257,0.649025365163252,-2.6536735954678,0.00796208038589082,0.029831461861693
"ADORA3",10.1480989178748,-1.71359512608677,0.5337914498459,-3.21023337219333,0.00132627246514836,0.006950072924006
"SLC13A4",18.1626613459566,-1.71162118494347,0.39409430012712,-4.34317670768487,1.40437083292393e-05,0.000162775613500305
"RPS12P27",2.93532019372338,-1.70947163369469,0.697026326700407,-2.45252089944295,0.014185913849276,0.047628144408693
"DCAF13P3",3.71862913409211,-1.70185534102752,0.648664338163065,-2.62363019038006,0.00869981887586575,0.0320502621040259
"GEMIN6",76.0986839495964,-1.70109777876138,0.240246936781038,-7.08062213634701,1.43508718254149e-12,2.87630170361518e-10
"ZNF780B",68.8254625680381,-1.69147095238593,0.313994682711533,-5.38694138951355,7.16667914114848e-08,2.10955812738955e-06
"N4BP2L2-IT2",53.2607741306251,-1.69022242791931,0.267581915530881,-6.31665419004838,2.67286758550627e-10,2.27912602421227e-08
"IL17RB",18.4555724281433,-1.68998173549594,0.381091207779184,-4.43458600198189,9.22493891033092e-06,0.000114672097757828
"GOLGA5P1",3.88175431365536,-1.65994047414241,0.661949647001338,-2.50765368885989,0.012153571596763,0.0420294634690601
"HSD3BP5",12.8847715398508,-1.64813379906399,0.381786340775367,-4.31690090252262,1.58235154313217e-05,0.000178645486242985
"HILPDA",14.6497623107081,-1.64690697750747,0.382974572178184,-4.30030372027212,1.70564183800969e-05,0.000189920343985123
"CCR2",2064.62593594745,-1.64215903506279,0.364306873655386,-4.5076257238456,6.55570858973991e-06,8.62394762712246e-05
"FTOP1",12.2213795467923,-1.6317864631651,0.436111065218167,-3.74167636023816,0.000182796828824359,0.00135019868843433
"BANF1P3",5.28936813646058,-1.61212780795227,0.546013956695526,-2.9525395609095,0.00315171682108829,0.0140060599538049
"LINC00622",8.21823592392833,-1.59292553161766,0.463965946803928,-3.43328113321823,0.000596323431983304,0.00359103340836795
"MARCKSL1P1",6.93778412589014,-1.58266487746882,0.603115656095492,-2.624148223435,0.00868659729404419,0.0320081641254204
"PGBD2",103.212440647482,-1.57775794006373,0.242092950151171,-6.51715772424818,7.16520744986538e-11,7.79347381040845e-09
"TRGV7",12.1741590785488,-1.55400965183071,0.527854001193119,-2.94401415603207,0.00323985180257421,0.0142979902163084
"RHPN1-AS1",6.31584982633151,-1.5513047362836,0.62233715770338,-2.49270787881026,0.0126773097321776,0.0434796867914987
"INSYN2B",19.4272932596583,-1.54925088158031,0.45672412691104,-3.39209336729888,0.000693608004473746,0.00407797613177412
"TTC41P",4.58079782215792,-1.53766459487495,0.626019849478693,-2.4562553346438,0.0140393365513299,0.0472694762934358
"ARHGEF38",6.98650267112314,-1.53185153564585,0.561941126904173,-2.72600004218427,0.00641069901555307,0.0251207635588874
"C6ORF163",11.9849654673071,-1.52513000657689,0.493956059373765,-3.0875823418594,0.00201791858368008,0.00980273194326939
"HPS6",365.540891730909,-1.52343906533091,0.249247277244982,-6.11215930689403,9.82919882227038e-10,6.51796463166019e-08
"SYCP3",6.69177292321571,-1.52048690418588,0.5115703790378,-2.97219496376182,0.00295678859034143,0.01328543951499
"MRPS31",132.921031135432,-1.51274895597297,0.224056737592407,-6.751633413162,1.46189870527202e-11,2.19137387433969e-09
"APOL4",24.5084145410113,-1.51230996919764,0.465251140791074,-3.25052393558075,0.00115192571312761,0.00618358437278675
"C9ORF64",163.19121560263,-1.51064572598324,0.304780692005187,-4.9565007417121,7.17740935297611e-07,1.36347846686249e-05
"CD200R1",71.2789393639399,-1.50614031889705,0.37815395702989,-3.98287599771964,6.80862851860479e-05,0.000596231298551165
"ZNF571",10.360801335391,-1.49672230441322,0.414274751968059,-3.61287357557484,0.000302822369599177,0.00202996821830519
"PREPL",155.674430705974,-1.49271273589921,0.232388046074103,-6.42336282402073,1.33296266145011e-10,1.30370273409358e-08
"KLRD1",18.9955218414919,-1.48907909334329,0.476096109476376,-3.12768590984921,0.00176188353622437,0.00878872441811248
"PER3",71.9150776127833,-1.46271376103882,0.246357215364589,-5.93736927442582,2.8963181625072e-09,1.56523346460548e-07
"ZNNT1",14.0751030617799,-1.45942045546755,0.422410964335433,-3.4549776845012,0.000550338370648157,0.00335621738653738
"GIMAP4",2690.58257665109,-1.4577796880317,0.275662913121146,-5.2882691818288,1.23479175701034e-07,3.25350300761455e-06
"BBS10",47.9032521057678,-1.4485855142928,0.352616495262748,-4.108104793037,3.98919105792753e-05,0.000386314821342624
"NANOGP4",7.78025120668863,-1.44308291113479,0.564874813021893,-2.55469508972222,0.0106280852756092,0.0376681472573646
"RAB23",7.75997684524699,-1.44047864230232,0.540475472068707,-2.6652063169283,0.00769411026680241,0.0290593984626766
"LYST-AS1",6.36755575415348,-1.43094904776646,0.515806125294409,-2.77419940864353,0.0055337746988562,0.0221624322133356
"DTD2",19.731458972076,-1.4288432146721,0.382858087822324,-3.73204396124757,0.000189932343805595,0.00139252492758085
"CMTM1",46.0179067587654,-1.42838866329127,0.266505495590697,-5.35969684274359,8.33617198332782e-08,2.37540951818852e-06
"EID2B",12.0117005543852,-1.42790239088456,0.401233894351631,-3.5587780867615,0.000372584164125145,0.00242560449622786
"CENPBD1",128.295848522501,-1.42775565102024,0.263959337944233,-5.40899845461001,6.33781767268485e-08,1.90969580482014e-06
"SORD2P",7.92412582222973,-1.42734378769987,0.534205623967428,-2.67189959008537,0.00754232133712823,0.0286011751725539
"SMG8",203.966037064142,-1.42730313448613,0.230083950636719,-6.20340154337712,5.52556143996001e-10,4.08983257120359e-08
"SATB2-AS1",7.46890738088565,-1.42634034097984,0.477604487212958,-2.98644669212217,0.00282240041110335,0.0127976559565993
"MRM1",29.2197398372903,-1.42568673523003,0.351004988615297,-4.06172784282731,4.87108452392413e-05,0.000454685534996121
"CEBPE",34.1283277668567,-1.40980276409573,0.325881984879198,-4.32611445096708,1.51762590478554e-05,0.000172649304142631
"PDE6A",4.70688739331732,-1.40676664030814,0.565924198063629,-2.48578633873855,0.0129265548978916,0.04416469761896
"BOLA1",46.5425126521212,-1.40582934157941,0.337666429156203,-4.16336721744133,3.13588420202014e-05,0.00031302687406623
"ZNF286A",15.4280672890741,-1.40521984236867,0.403083553539632,-3.48617508709767,0.000489980196358288,0.00304115057155155
"CCDC163",36.3447971687093,-1.39797186737873,0.359986220246597,-3.88340383257195,0.000103004281925099,0.000837843310980357
"FAM118B",193.619587233817,-1.39344018105455,0.238967455714922,-5.83108765537038,5.50672459517167e-09,2.70603177213973e-07
"SUDS3P1",4.20934612048501,-1.38811412887264,0.565701866752909,-2.45379096385225,0.0141359127562213,0.0475408016111378
"TRGV8",9.93957686885361,-1.38422395851316,0.508377087054008,-2.72282916316035,0.0064725518544419,0.0253085006531203
"NUAK2",1096.46516197201,-1.38202331686763,0.271471722249242,-5.0908555241668,3.56451553214305e-07,7.6550555730757e-06
"EFCAB7",19.8068059753573,-1.37755922619553,0.361794467953011,-3.80757404608644,0.000140336726026842,0.00108369113370858
"TNFAIP8L2",375.498225089826,-1.37728978366794,0.286259778775048,-4.81132833107602,1.49930481604375e-06,2.53413941013396e-05
"LINC02705",30.1805118659781,-1.3768400285761,0.325442300451062,-4.23067323045531,2.329929320806e-05,0.000245634037970079
"EPHB3",72.335339816288,-1.36883931226411,0.335708251513148,-4.07746698537881,4.55289921780751e-05,0.000428799452203012
"FANCF",48.9623729362226,-1.36425017839012,0.261902654027947,-5.20899714992786,1.89864029607125e-07,4.53386152628098e-06
"ZBTB16",641.683894418702,-1.36089826712454,0.284603878295541,-4.7817277658857,1.73794937812509e-06,2.85992075710289e-05
"GTSF1",21.7974246918698,-1.35994404725419,0.458333603886416,-2.96714889705362,0.00300575358288278,0.0134715156812721
"GSPT2",56.579094088909,-1.35729553192477,0.264175285624885,-5.13785961739075,2.77885340479374e-07,6.24297065928346e-06
"ERI2",61.9838106167661,-1.35496202158655,0.318316296951455,-4.25665300383031,2.07510041946215e-05,0.000222583531463415
"ZNF594",18.8533076376564,-1.34881900350046,0.412026459910682,-3.27362229064816,0.00106178434932085,0.00578323945746117
"LY86-AS1",14.6905294014425,-1.34447256093441,0.474906229367394,-2.83102742772048,0.00463987420518806,0.019240366257777
"FAM50B",45.8714872667871,-1.33852982511426,0.37153969971944,-3.60265626021936,0.00031498193584366,0.00210042907348756
"RPP40",16.7948873387469,-1.33786961907483,0.342076010597436,-3.91103023195996,9.19032665072736e-05,0.000762852707285596
"DET1",7.96829994622165,-1.33661365282925,0.504707926775883,-2.64829138184465,0.00808997631353209,0.0302154517338328
"RPL7AP64",284.329176172109,-1.33597121243287,0.214943871524258,-6.21544221269921,5.11803067078815e-10,3.86845047057284e-08
"NYNRIN",17.8510343038255,-1.33498559707796,0.427809977675174,-3.12051066301119,0.00180537761591832,0.00894815293067626
"FZD2",212.770477379492,-1.33203206508494,0.301391839087852,-4.41960229950575,9.88827048963439e-06,0.000121464313928716
"SEPSECS-AS1",15.2241819281346,-1.33186555172322,0.460052801485592,-2.89502758688219,0.0037912521232961,0.016256816195999
"HOMEZ",100.267002274189,-1.33183169132363,0.307099643948181,-4.33680636747452,1.44567873739245e-05,0.000166374305274881
"TRIM71",16.3166240758339,-1.3297985282133,0.32894764526763,-4.04258412347466,5.28653366214174e-05,0.000484839010104289
"KRCC1",317.543121048132,-1.32642256090186,0.221226794764794,-5.99575906848037,2.02537120237785e-09,1.16920943391638e-07
"NCLP1",9.42134376274857,-1.32485388751563,0.515902713858886,-2.56803046761644,0.0102278166116721,0.0365399144239949
"GIMAP1",645.253943156663,-1.32446074603896,0.257132052108626,-5.15089711756136,2.5924337987783e-07,5.92869667982146e-06
"METTL13",319.705107066023,-1.32339190394905,0.240907042998351,-5.4933715821588,3.94331876036915e-08,1.31478355228906e-06
"ZKSCAN4",73.429016969849,-1.31611647998957,0.234386085737679,-5.61516472211812,1.96375080415768e-08,7.40579003056335e-07
"CRYZ",70.6954268887149,-1.31591365575997,0.330290981254128,-3.98410410954424,6.77351744981257e-05,0.000593726592575323
"TMEM81",16.5938754192821,-1.31503029468833,0.286081579853735,-4.59669684207093,4.2924145098256e-06,6.07683254176739e-05
"ZNF175",60.4553638495016,-1.30528828617155,0.298926013961232,-4.3665931541871,1.26199478927306e-05,0.000149280258959236
"LINC02210",18.5630633326262,-1.3020205337297,0.448351529376728,-2.90401715711709,0.00368407970566833,0.0158927723796159
"GIMAP6",1259.45898116421,-1.30195685786469,0.252231323786887,-5.1617572247479,2.44642435908784e-07,5.6600930891581e-06
"ZNF234",46.8445047047371,-1.30143750031447,0.284583990083596,-4.57312268315648,4.80508593709104e-06,6.6599163128073e-05
"ZNF792",80.1678540447347,-1.30071767515133,0.237638888989236,-5.47350511813848,4.41220133894322e-08,1.43099722698308e-06
"PEX12",8.22147629124067,-1.30068475987193,0.517356109854472,-2.5140995440023,0.0119336744925764,0.0414069024700599
"SCAT8",33.9076319371653,-1.29802180812552,0.309920999012417,-4.18823446059398,2.81132996525763e-05,0.000286283976283112
"PYGO2",342.499199924573,-1.29710396025906,0.226511129959873,-5.72644691008715,1.02555836122327e-08,4.47283864242071e-07
"COMMD3",40.6232835986889,-1.29586615337095,0.259801908771026,-4.98790081836178,6.10388889865155e-07,1.19781265318093e-05
"ARL4D",23.9870254337994,-1.29539250773839,0.356813761201811,-3.6304443622782,0.000282933691785154,0.00192216125312329
"MYCL",1170.91262450531,-1.29472504798449,0.25581592062512,-5.06115899597123,4.16715517323025e-07,8.63341625784915e-06
"TMEM176B",4053.96754572835,-1.29257942821526,0.525781695465333,-2.45839564093476,0.0139559331112085,0.0470330502243977
"CEP250-AS1",7.76581824135935,-1.28823605433489,0.462322362348282,-2.78644547452028,0.00532895823645315,0.0214965981505769
"RNASEH2B-AS1",11.8543833801334,-1.27592180267053,0.488219893903496,-2.61341624666105,0.00896420517269923,0.0328546315739899
"ALDH8A1",8.51204356903661,-1.27031469256365,0.493633649756039,-2.57339566131981,0.010070600667059,0.0360649216420396
"ZNF490",44.4024572874289,-1.26899621575078,0.233373411157712,-5.4376212330941,5.3996609055216e-08,1.68685028428537e-06
"TRIM68",75.6558261699555,-1.26395997937456,0.241241700446757,-5.23939259685959,1.61105975734146e-07,3.99496101439414e-06
"GVINP1",462.24505767759,-1.26348251476416,0.248286568449704,-5.08880735133324,3.60322424504959e-07,7.71632885386488e-06
"ZNF382",7.01589898483192,-1.26299893022727,0.519139164620947,-2.43287160033371,0.0149796118280281,0.0497590904633827
"SUV39H2",23.5274395894488,-1.26023896720639,0.303466408758229,-4.15281207683985,3.28414427401618e-05,0.000326183549888088
"NDUFAF4",51.7734850620584,-1.26021291631912,0.232745950761565,-5.41454281887867,6.14454985669728e-08,1.87361504861139e-06
"ESRP2",11.5721158985005,-1.25967146692268,0.46925274032757,-2.68442005483728,0.00726557572634861,0.02777611226031
"APAF1",1679.1946046595,-1.25585725331608,0.197261815465985,-6.36644882512824,1.93454804197105e-10,1.77878700890101e-08
"CKMT2-AS1",26.465829465373,-1.24996986613791,0.380836163118994,-3.2821721968335,0.00103010678288259,0.00563651680768699
"DCAF12",662.228380056829,-1.24969948619359,0.206945167160478,-6.03879521972356,1.55269142960356e-09,9.4852430552289e-08
"ZNF780A",74.323545243237,-1.24862203012106,0.487873553087571,-2.55931485160243,0.010487870577761,0.0372897419505881
"NLRC4",850.452616108742,-1.24727206725005,0.216243504088463,-5.76790536440716,8.02628526929308e-09,3.69002259365077e-07
"ZKSCAN1",1089.32593354436,-1.24723077541498,0.202021527983532,-6.17375181676997,6.66881972289159e-10,4.72057167527541e-08
"DDIAS",103.95808606474,-1.24576708698556,0.245680155128616,-5.07068666711558,3.96382912657087e-07,8.26013831305738e-06
"ZNF404",9.61025469685121,-1.24536366139266,0.448896914882752,-2.77427538506906,0.00553248238385623,0.0221622323744055
"MAP10",68.9343542171815,-1.24019017659722,0.211320576544057,-5.86876203386971,4.3906106929879e-09,2.23770610118623e-07
"MSH2",91.4676588909721,-1.23913222527215,0.334025802116941,-3.70969014195598,0.000207513061679755,0.00149226676991657
"ADGRB3",8.95716720990458,-1.23390999314641,0.455136707978632,-2.71107553294589,0.00670653469392447,0.0260350741828563
"KCTD21",102.825123872401,-1.23252993298519,0.219089838201501,-5.62568279342835,1.84775620441121e-08,7.11884992965166e-07
"NUDT7",10.1615080169916,-1.2312606205832,0.473594917422872,-2.59981806241347,0.00932731972187097,0.0338791955200029
"RMI1",81.881204592249,-1.22918449731703,0.253062537556452,-4.85723611715079,1.19035617303117e-06,2.08582106529848e-05
"MANEA",103.532305876525,-1.22216223031059,0.285167481188886,-4.28576998055773,1.82107337913237e-05,0.000200520413191131
"KCNE1B",16.142648945119,-1.21748479261271,0.465033832473467,-2.61805638126808,0.0088432192362416,0.0325047073431028
"CD160",11.0673041137443,-1.21739347338377,0.457044103440731,-2.66362362892107,0.00773040002872731,0.029184100679881
"GPR82",15.4757719646484,-1.21430293892938,0.488590602010093,-2.4853178385619,0.012943581221274,0.0442144009622915
"PKP2",77.6395211627856,-1.21397321626728,0.257307683433746,-4.71798276703955,2.38194665163675e-06,3.68829551839378e-05
"JPT2",158.326603276951,-1.21242953334522,0.229489130076498,-5.28316758593783,1.26969143159841e-07,3.31122160187901e-06
"HSD17B1-AS1",13.4515667477116,-1.21185306262022,0.46474307592597,-2.60757636938579,0.00911857272839895,0.033276820852942
"VTN",7.23118006212039,-1.21075629109875,0.45506310269655,-2.6606338416018,0.00779937224398397,0.0293512739371953
"ZNF436",87.9012533073072,-1.21011548645324,0.2225277241259,-5.43804369188888,5.38687663826188e-08,1.6858088679529e-06
"ZNRD1ASP",31.4049043422445,-1.20470062937736,0.37941483119497,-3.17515429110439,0.00149756849634781,0.00769180156575073
"LGI2",23.4127284644855,-1.20418507935279,0.313409764421318,-3.84220664463409,0.000121933108215986,0.000966256234720906
"EPHB4",134.893788387555,-1.20398513474391,0.257434624749348,-4.67685780774895,2.91304098926308e-06,4.35199540757746e-05
"TTC9C",150.204561414025,-1.20341634580165,0.201884534051227,-5.96091400194277,2.50830955365275e-09,1.39386996317937e-07
"MRFAP1L1",339.800736128894,-1.20339510874808,0.202459819872122,-5.9438712802776,2.78368220883201e-09,1.51388180613248e-07
"C1DP5",9.99045188472243,-1.20165208660657,0.43052816872997,-2.79111141589496,0.00525273875629816,0.0212709089522921
"ZNF599",11.1501246382022,-1.19658955752263,0.396553181078064,-3.01747562399977,0.00254889539794222,0.0118127295683277
"ZNF850",24.4480949661183,-1.19376598394447,0.377188104039383,-3.16490889071048,0.00155131519382184,0.00791769969310269
"ZNF248",42.4791892327521,-1.19095112897821,0.35603949544749,-3.3449972382456,0.000822833897249685,0.00468370353455494
"GRIN3A",29.1857701276346,-1.19089894822548,0.296162858201474,-4.0210948646887,5.79282688447031e-05,0.000523202258051552
"LRIF1",55.2423214062822,-1.19033514504929,0.256053744371646,-4.64877070230064,3.33919170457678e-06,4.89437153872149e-05
"ZNF616",27.67663334375,-1.18489639470598,0.453313060373302,-2.61385893830241,0.008952599065746,0.0328188372656755
"ZNF48",53.5964018871869,-1.1834678341829,0.266528649728558,-4.44030251677705,8.98325077565106e-06,0.000112684515171002
"SEPHS2",733.209592583764,-1.17685506840566,0.194156306992042,-6.06137954845783,1.34958937754684e-09,8.41747388695125e-08
"CLIP3",10.2399571674766,-1.17667119754857,0.471422430424947,-2.49600172076645,0.0125601992238568,0.0431400666378232
"RRN3P2",6.68902307706812,-1.17454089779608,0.483003569859589,-2.43174372010859,0.0150263351702837,0.049877602113221
"TCEANC2",267.985926425012,-1.17241581903132,0.208426573714916,-5.62507840595672,1.85423734579691e-08,7.12842365825975e-07
"ZNF696",81.166248522058,-1.17229011619649,0.220836564121787,-5.3084058831399,1.10588163610115e-07,2.98437467848296e-06
"C14ORF119",160.373086472468,-1.17154222121618,0.255022673770115,-4.59387474806354,4.35090588303702e-06,6.13529321277584e-05
"ADAMTS5",147.236520226537,-1.16256628495,0.312509271865847,-3.72010173653044,0.000199142542846841,0.00144343952836325
"ELOVL3",16.5976796903077,-1.16113738777791,0.403662011931507,-2.87650894425737,0.00402100799578422,0.0170615462960987
"TIGD3",45.3268229405119,-1.16015178962064,0.255002008416064,-4.54957902812954,5.37533438090682e-06,7.31948203714625e-05
"TMOD4",21.8266517078218,-1.15919333549233,0.384594093314137,-3.01406952328178,0.0025776872917918,0.0119028697672747
"ZNF71",110.931023337838,-1.15766516149789,0.228205310752638,-5.07291069467151,3.9177639060161e-07,8.19285727497247e-06
"UNG",35.6175166336328,-1.15466996108113,0.361824753413652,-3.19124092585525,0.00141663096193681,0.00733735862341138
"CBY1",10.6953873551814,-1.15415649556752,0.411979812486945,-2.80148798699717,0.00508675349517895,0.0207257900518506
"PLEKHA8P1",51.1334728704803,-1.15359609952498,0.304692896391,-3.78609450101724,0.000153033496300431,0.00115826733630339
"TAS1R1",11.4798701757861,-1.15302053146721,0.430647104918229,-2.67741386926574,0.007419292551845,0.0282400292958803
"ZBTB6",98.3712059558546,-1.15100211142502,0.269883345693556,-4.26481340842702,2.000693292345e-05,0.000216031276930085
"DNAAF10",15.7247867997476,-1.15068438743088,0.403992369681498,-2.84828247706279,0.00439558904197038,0.0183894375957742
"UGDH",178.099028402697,-1.14978847483913,0.205162525773601,-5.60428114492964,2.09121035214255e-08,7.78768481451333e-07
"TCF7L1",15.3214362542617,-1.14944514647529,0.387905266553205,-2.96321098367358,0.00304447813830502,0.0136211188941773
"TXNIP",27939.9433592812,-1.14834351083981,0.202932188514013,-5.65875487397364,1.52475149171602e-08,6.01737104186512e-07
"ABHD10",215.705817210582,-1.1468405984447,0.164230297217129,-6.98312441661396,2.88686533795899e-12,5.20160645439521e-10
"SLC33A1",42.1857494467552,-1.14417077458089,0.282051409734262,-4.05660363711312,4.97914740857858e-05,0.00046235310501939
"LINC02724",67.5160692273797,-1.14298789836641,0.288331160152185,-3.96414975670034,7.36580035395825e-05,0.000637511628888439
"LAMB1",19.902437316609,-1.1405344251262,0.307898131047852,-3.70425900684973,0.000212009553487221,0.00151965115395777
"UGDH-AS1",14.6679479360144,-1.13898069355621,0.381234179028611,-2.98761432266737,0.00281164116733349,0.0127618460923397
"LINC01534",11.7615425130077,-1.1376751938054,0.398065485631426,-2.85801013871066,0.00426306770109197,0.0179350475594525
"MTFMT",96.2839646182708,-1.13565418291607,0.220601543778714,-5.14798837516408,2.63294805090778e-07,6.00759165558967e-06
"ZNF786",82.3265642324696,-1.13290261664218,0.250694169884538,-4.51906247825372,6.21140647146576e-06,8.28930141267555e-05
"ORC2",148.813319941315,-1.1266657234797,0.17182747859895,-6.55695894897794,5.49161226726904e-11,6.48737613400961e-09
"CCDC138",22.8066879476571,-1.12537830194182,0.249749458876621,-4.50602899002785,6.60520672627486e-06,8.66988061687204e-05
"ZNF132",12.2606504869475,-1.12523888095601,0.447185871739563,-2.51626661767914,0.0118605422221751,0.04120726503313
"MARS2",63.539179747698,-1.12412845087194,0.237157780837487,-4.7400024022077,2.1371568511816e-06,3.35961934569922e-05
"NEB",35.7452289552529,-1.12225171938142,0.294788717690674,-3.80696971096097,0.000140679967238421,0.00108540192716218
"FAM90A1",19.4806805047361,-1.1213512728521,0.371237956308057,-3.02057279919296,0.00252297049416401,0.0117329437358858
"NHSL2",1623.49934232312,-1.12113524442176,0.194371722527795,-5.76799562118115,8.02198898115964e-09,3.69002259365077e-07
"LRRC69",8.21019018047522,-1.11993772975214,0.396327018554394,-2.82579202860587,0.00471638747646269,0.0194927988427112
"METTL18",19.8578316616137,-1.11956066979313,0.332512918418445,-3.36696894399826,0.000759992464506426,0.00439583190073464
"PTCD2",63.1323762448176,-1.11822767803744,0.214227398409173,-5.21981635561682,1.79100635896169e-07,4.32313551165881e-06
"HSPA1L",42.353734107763,-1.11743043996923,0.243175068701869,-4.59516859986659,4.32399503265992e-06,6.10700106037907e-05
"CEP295NL",62.7708726431521,-1.11707853703794,0.391628362877024,-2.8523943690685,0.00433912310070155,0.0181992188738101
"ERCC4",78.1789445611717,-1.11687404922797,0.221877209720863,-5.03374839909458,4.80980866776938e-07,9.78305211125088e-06
"HSPE1P18",66.8352253780709,-1.11478266373274,0.29232753991475,-3.81347123181702,0.000137028482577436,0.00106413324867928
"FAT2",16.9281473004628,-1.11329112950252,0.382699727577124,-2.9090460464939,0.00362533459315928,0.0156962908914503
"ZKSCAN3",49.2393563041427,-1.11099263885675,0.317750812262955,-3.49642737635979,0.000471532826462575,0.00295129914331208
"CTTNBP2NL",139.068027353931,-1.11030405891612,0.208408228173202,-5.32754425604241,9.95495278262181e-08,2.72356514933141e-06
"FLT3",371.103960120134,-1.10747740605232,0.291932986063552,-3.79360147335743,0.00014847791265795,0.00113282677758448
"MEGF9",7952.7567580118,-1.10743195319303,0.201654303275321,-5.49173479169965,3.98004750492536e-08,1.32108509011342e-06
"TTC30B",22.5644055754571,-1.10669411062797,0.347343194942331,-3.18616897276976,0.00144170367418872,0.00744560224093181
"CASP8AP2",312.584953155272,-1.10576013713528,0.18626595933402,-5.93645849777837,2.9124459680995e-09,1.56523346460548e-07
"MIS18BP1",1911.109947058,-1.10564538941516,0.149585790535696,-7.39137979252992,1.45312899717768e-13,3.98783308487008e-11
"WDCP",27.2395509377623,-1.10437097916236,0.379866752169427,-2.90725885552046,0.00364611342312509,0.0157632988952267
"PCGF6",76.0825494987689,-1.10374122661873,0.226837485094718,-4.8657796843315,1.1400646199751e-06,2.01152054313708e-05
"TLR5",635.808026528385,-1.10085545232676,0.230818254042456,-4.76936045155367,1.84811715540113e-06,3.00503620730878e-05
"FASTKD1",187.520328259107,-1.10048008990713,0.176404671652767,-6.23838404956361,4.42114146895181e-10,3.48957174881249e-08
"TNFSF10",2324.31631954077,-1.10040501432841,0.250575961155392,-4.39150271739757,1.12569928526132e-05,0.000135220362629572
"KCTD1",20.5535575172128,-1.0978008745558,0.431734922380831,-2.54276598358527,0.010997885951609,0.0387478351974722
"FOS",130558.345217043,-1.09714799542581,0.256910288752947,-4.27054907279662,1.94992308516011e-05,0.000211573771247482
"EHHADH",23.1989872984036,-1.09600959558436,0.310632331539244,-3.52831783527946,0.000418209682310211,0.00267097182708541
"FAM78A",1913.94771452692,-1.09403525869442,0.182811998205427,-5.98448279890821,2.17078527726247e-09,1.23319961069452e-07
"PPP1R26P1",11.8570280739895,-1.09182559312793,0.376968643384126,-2.89633000592935,0.00377555135035364,0.016201175123312
"ZNF624",58.2010713954908,-1.08903737612009,0.258909060183572,-4.20625440974504,2.59637943073223e-05,0.000268488210350154
"HCG11",247.97089033793,-1.08898079375216,0.219480424705507,-4.96163061108217,6.99038400277672e-07,1.33505856361382e-05
"CARD8-AS1",254.795896171366,-1.08785815246452,0.186293378803028,-5.83948908680613,5.23611461481255e-09,2.59449479163962e-07
"BTN2A3P",66.561466465824,-1.08692865972617,0.258677388954401,-4.20186961109993,2.64719600070579e-05,0.000272479412928967
"SLC5A9",20.8713757339372,-1.08621488489238,0.352489638386163,-3.08155124747921,0.00205925025883715,0.00998176796661332
"BRD8",423.908342521457,-1.08282536960566,0.179881629290675,-6.01965511361864,1.74789088966858e-09,1.04627106341974e-07
"GPR88",15.5152152100688,-1.0797430432083,0.4054240977385,-2.66324337707409,0.00773914171807352,0.0292109204331349
"MAGEF1",107.530259229456,-1.0765866563228,0.310391668208226,-3.46847794767664,0.000523415482719688,0.00321511204571412
"COLEC12",50.8645805487115,-1.07542147466611,0.418130885576732,-2.57197330252888,0.0101120689260938,0.0361771130171803
"ZNF74",104.003306316962,-1.07465838927579,0.238913353120205,-4.49810935739155,6.85604313246538e-06,8.95956757486575e-05
"MYB",41.1483070375325,-1.07414311322996,0.307020783329652,-3.4986006536132,0.000467706518814389,0.00293053204213649
"KCNAB1",15.2439457028665,-1.0694484469089,0.358239288371845,-2.98529078641659,0.00283308863430836,0.0128395922405469
"ZW10",150.536004711158,-1.0685398683298,0.15618464089278,-6.84151695212682,7.8358929667994e-12,1.27396759035969e-09
"RPL11P3",20.7829590716141,-1.06580421852217,0.368799378306823,-2.88992954222248,0.00385328179500558,0.0164673791708935
"LIPT2",15.9430754501785,-1.06461642507452,0.391240785655486,-2.72112843064369,0.00650594796569938,0.0254223657857931
"NMNAT1",156.212979222319,-1.0618066753404,0.211897921898621,-5.01093482100499,5.41662599929788e-07,1.08199075672425e-05
"FOXRED2",115.398339086118,-1.06030697751287,0.315696278723299,-3.35862995218328,0.000783298819122817,0.00450870743320839
"SAP30",189.973200799405,-1.05963871778725,0.235129685171586,-4.50661394376459,6.58703202873565e-06,8.65876767344043e-05
"NUDCD1",131.405438159985,-1.05731003799093,0.242177172548504,-4.3658534240223,1.26627375709571e-05,0.000149588021715718
"GPSM2",80.2497171870249,-1.05714876537755,0.253232341950707,-4.17461986582794,2.9848403099532e-05,0.000300981240525411
"ZNF28",71.1101160859318,-1.05375445062536,0.274946994826441,-3.83257307936949,0.000126809911334125,0.000996930453229669
"LIN9",27.0174940699914,-1.04700698689679,0.236262653914321,-4.43153824589001,9.35632130826796e-06,0.000116136263743543
"ATP8B1",29.8968893850563,-1.04608362595087,0.340039409216733,-3.07635996768869,0.00209544702875991,0.0101077836936234
"RXFP2",154.342084484179,-1.04462070454023,0.250443325533132,-4.17108622206838,3.03151121505031e-05,0.000304997727321305
"DAXX",624.016205957234,-1.04359249477397,0.170793890562496,-6.11024487665797,9.94783834512727e-10,6.54795352030923e-08
"ZNF519",18.6651761235335,-1.04105010362795,0.339647149854922,-3.06509300629382,0.00217602317112959,0.0104064078623618
"POP1",57.473508078512,-1.04090470298885,0.215421994903191,-4.83193326408765,1.35213583201701e-06,2.32140509831757e-05
"MED20",116.216856674795,-1.04074888586357,0.222583837546806,-4.6757612652119,2.92865153807957e-06,4.37165574362036e-05
"CBR4",114.293058028767,-1.03956886401523,0.196708100536616,-5.28482996470052,1.25821568937633e-07,3.29091663740396e-06
"ZNF22",66.3274720978828,-1.03891656070093,0.259204026833968,-4.00810347505289,6.12083028376917e-05,0.000545916853009372
"FIGNL1",43.6677711526085,-1.03818696672867,0.272601210772795,-3.80844591183408,0.000139842926407047,0.00108034565666908
"POLR2J2",24.2957277995173,-1.03708432939014,0.37649724813521,-2.75456018477377,0.00587710797118701,0.0233279599443778
"MAP7",85.5083475059394,-1.03687060489012,0.352768483810597,-2.93923820430292,0.00329020097472177,0.01448946593507
"RWDD3",9.29403070095746,-1.03113239706321,0.393497635575445,-2.62042844439281,0.00878193577630559,0.0323060776196616
"XRRA1",90.7185416000853,-1.02851358493311,0.275070431759846,-3.73909176043709,0.000184686309020652,0.00136133652078942
"SOS1",697.176932269173,-1.02765532378026,0.185511263411161,-5.53958452378497,3.03190085661355e-08,1.05425043821194e-06
"DPH6",50.1134048189155,-1.02567203936164,0.225916978432178,-4.5400396485453,5.62436509018877e-06,7.61209593920995e-05
"DCLRE1B",219.400471486778,-1.02551696854513,0.175997631644026,-5.82687936744144,5.64734025154705e-09,2.76750701667847e-07
"CHCHD4",115.481110149044,-1.0250655267822,0.17700643878562,-5.7911199943619,6.99186001951751e-09,3.3170425273445e-07
"TUBD1",52.0960352829504,-1.02493147035467,0.260744256299951,-3.93079212903401,8.46664510871032e-05,0.000713405835848723
"PHF6",189.419151710007,-1.0249276363497,0.177470219929983,-5.77520914074519,7.68575593857595e-09,3.57959567708401e-07
"TRMT13",62.2010367700455,-1.02433459290769,0.27261377393893,-3.75745721908077,0.000171648700563172,0.00127897640795566
"PGBD1",15.5637731773243,-1.02070099661645,0.383608197435035,-2.66079036746682,0.00779574767467471,0.0293500521361012
"CMTR2",211.879261418003,-1.02017374587573,0.238855431708389,-4.27109293089566,1.94517324296034e-05,0.000211186855191276
"PRR14L",1266.79775609024,-1.01880803629143,0.165320506256943,-6.16262349637369,7.1549489514539e-10,5.02480233842656e-08
"MCM3",333.224687978062,-1.01880548428372,0.216162733895969,-4.71314118729657,2.4392706082543e-06,3.75424582485248e-05
"IMP3",60.5526815833658,-1.01793727257126,0.239325160419787,-4.25336504856302,2.10581866462221e-05,0.000225066466983409
"ZMYM1",92.1862920800413,-1.01763867687656,0.197380221830446,-5.15572769874953,2.52647821467462e-07,5.80016967739586e-06
"RIC8B",87.7963703145646,-1.01644321439317,0.161551425651803,-6.29176257833801,3.13881311683343e-10,2.59213649898494e-08
"NNT-AS1",40.8290865336864,-1.01590992432414,0.236379769880071,-4.29778709421525,1.7251174332763e-05,0.000191610490503005
"PRKCI",229.042816680375,-1.01500583110217,0.141699103785739,-7.16310692152958,7.88687861009691e-13,1.69501374273384e-10
"MOSPD2",577.855426815184,-1.01473651266222,0.284114238640846,-3.57157922642859,0.000354835173306504,0.00232618516039744
"BLOC1S5",83.4449653816017,-1.01388111111374,0.203301998660533,-4.98706907848303,6.13021514491545e-07,1.19902168591011e-05
"ENTPD3-AS1",19.6581208006179,-1.01358174644173,0.351881253971882,-2.88046531322958,0.00397088643445704,0.0168730406474884
"HSPH1",572.631211082354,-1.0133800171235,0.249237177597189,-4.06592638744009,4.78420363903616e-05,0.00044751245156333
"ACSM1",13.713353075756,-1.01309057235424,0.358019379553911,-2.82970875380138,0.00465903946575298,0.0193049816469458
"NAGS",33.1550428190657,-1.01031388250564,0.272800602136274,-3.70348846224671,0.000212654857447314,0.00152281708034733
"PRMT6",162.549507358022,-1.00992184346953,0.242870035288557,-4.15828095989541,3.20651494136494e-05,0.000319362442903785
"MBLAC2",33.7921227196951,-1.00931325035712,0.338529000886873,-2.9814676075401,0.00286870393230973,0.0129878022194266
"GIN1",33.1060198711443,-1.00898706397646,0.311618778965721,-3.2378891520124,0.00120417586733442,0.00641771410860812
"MAPKAPK5-AS1",204.784691753669,-1.00883229166488,0.176371230364576,-5.71993680363589,1.06563681025653e-08,4.56943014936441e-07
"EEF1AKMT1",21.5925853173996,-1.00843044457341,0.320351706113017,-3.14788535640776,0.00164456178532168,0.0083056888806818
"STPG4",8.63290290401448,-1.00785924486789,0.338068858748922,-2.98122473805376,0.00287098016186782,0.0129924908706706
"C5ORF51",204.914220138418,-1.00781876173014,0.162947994996419,-6.18491047866094,6.21377221945188e-10,4.45145658034468e-08
"CECR2",37.3814252986292,-1.00582296953166,0.253824766402341,-3.96266677908535,7.41171962511042e-05,0.000640553559460851
"EXD2",112.238085365212,-1.00248620756307,0.2259067323203,-4.43761103206832,9.09628031628211e-06,0.000113309670587877
"ZNF775",42.8473288221675,-1.00168741976215,0.308731791478262,-3.24452306957405,0.00117647487203795,0.00630019776866195
"EEA1",815.144449632728,-1.00158891561505,0.160351577966991,-6.24620554604855,4.20543682517598e-10,3.33407031499952e-08
"PRIMPOL",97.983183591233,-1.00079346854639,0.162605878137269,-6.15471888231212,7.52107840054893e-10,5.26121554937223e-08
