SYN1,GDF15,CDKN2A,SNAI1,SRC,CCR5,MAPK11,APOE,CDK1,HBEGF,ZC3H12A,SAG,PLAUR,CXCL8,VEGFA,IL1R2,MET,BCL6,TREM1,NAMPT,MUC1,SOS1,EGR2,SPP1,IL10,CD69,CSF3,MCM3,ICAM1,SOD2,BMP2,CDKN1A,CSF2,THBS1,KIF23,CCL2,FOSL1,MKI67,MYC,FLT3,CD80,SERPINE1,TRAF1,IL1B,CCL5,NR4A1,SRF,PRDM1,PLAU,PLEK,WNT5A,LMNA,PTGS2,ATF3,CTNNB1,AHR,HSPA1A,CEBPB,TIMP1,IL6,JAG1,SOCS3,E2F1,TTK,TNF,PPARG,EGR1,CCND1,LDLR,ACE,MMP9,HIF1A,SLC2A1,IFNB1,NFKBIA,EDN1,BCL2A1,FOS,class
7,22,4,87,1336,116,16,6,5,1390,865,0,7050,3935,1337,147,2,2844,3943,4106,1,951,350,7,5,60,0,501,1590,10324,2,3276,0,4851,20,7,58,6,218,372,17,1,195,1232,73,2509,1422,173,17,8488,0,1126,1929,591,2872,1461,1414,2557,1764,0,209,8969,27,0,192,6,2350,1,1072,10,88,2285,59,4,12748,1,745,191890,0
22,9,13,192,1171,19,13,7,0,5594,1518,0,21349,16066,2695,200,0,8319,10076,26072,48,448,738,0,7,281,0,191,2855,11449,0,7002,0,19759,22,16,456,21,204,409,4,45,389,3184,372,4057,1371,1185,33,17783,0,2190,4942,3478,5997,2191,91,3199,2260,0,303,9270,30,0,150,27,1502,0,2205,8,70,10798,166,0,18414,30,2713,192138,0
21,28,0,51,1304,134,19,22,0,2412,789,0,11227,8349,1464,148,0,5943,7428,16142,34,639,887,0,0,57,0,389,1861,9457,1,3306,0,9219,46,21,186,13,167,675,4,9,365,1178,145,2086,1155,672,19,13072,0,1323,2786,1319,4287,1782,409,2660,1684,0,293,7872,40,0,120,0,5050,0,653,5,17,7521,111,0,11458,8,1682,176970,0
16,9,2,77,1238,45,13,3,0,4298,1473,0,11798,15575,1498,114,0,4215,6888,12180,11,630,2861,0,9,68,3,317,1965,11950,0,5872,0,12175,10,9,134,39,87,551,1,0,222,2740,185,6876,1404,683,10,9265,9,389,7312,1066,3562,1849,588,2034,1914,29,360,14592,42,0,174,15,28787,0,543,0,36,6758,126,0,13939,5,1689,274361,0
51,29,2,702,1816,192,5,5,10,10250,1711,0,34184,46955,4459,288,12,8578,9278,40823,15,417,3560,7,96,695,1,197,3687,12948,14,16848,0,19026,9,39,855,28,222,564,18,30,373,5754,266,10517,1534,1986,74,20601,0,5419,9230,5603,5958,4374,140,5726,4163,5,406,11503,58,5,341,15,6492,3,2473,5,120,8941,229,0,23900,12,5242,185540,0
0,7,7,22,1017,223,0,0,0,302,461,0,4222,1788,942,88,0,2734,3282,2689,1,981,180,0,8,38,0,475,1001,7470,2,1155,0,1077,36,18,38,0,225,615,0,0,196,436,42,544,1090,169,31,7881,1,313,643,189,2837,916,1318,1518,1514,0,169,4646,2,0,130,20,531,0,547,6,43,1851,78,0,7431,6,1031,83818,0
6,4,7,55,1029,165,7,9,0,1111,536,2,5057,3373,1078,83,0,2438,3899,3794,3,1143,238,0,17,61,0,502,1015,10874,0,1958,0,7892,70,4,39,9,225,429,3,10,175,434,165,1009,1251,229,11,7183,0,1074,1404,331,2657,1397,1702,2586,1976,7,187,13038,14,0,124,17,1201,0,599,9,38,1980,38,0,7736,0,1327,148481,0
13,17,0,55,1113,69,13,2,0,620,601,0,4812,3074,1162,115,0,2511,3299,4621,9,955,378,0,6,44,0,483,1057,8298,0,1812,0,2348,64,19,59,4,161,596,4,0,190,673,123,1841,1252,235,21,7134,0,553,1299,290,2886,1665,1804,2606,2341,11,247,6956,35,0,183,29,3938,0,608,13,93,2063,55,0,8145,4,921,128953,0
3,14,8,26,1048,211,20,0,0,292,422,0,3347,839,1029,130,0,1859,2921,2916,3,1070,97,0,16,19,0,442,1009,8825,0,2144,0,3920,82,22,40,0,197,826,15,5,209,202,79,953,1058,193,4,6878,0,324,447,157,2516,1282,1580,1988,1971,7,220,3389,4,0,147,21,1577,0,796,8,51,2585,65,0,6134,4,633,60079,0
5,7,3,46,1368,285,7,2,0,428,260,2,3427,1256,652,201,0,2083,2878,2910,5,1105,220,0,7,37,0,495,919,7747,0,1598,0,1566,79,15,25,23,405,661,6,4,317,406,94,1153,1123,144,13,6311,0,634,750,171,2930,1799,1614,2161,1668,0,210,4055,18,0,98,7,1178,0,715,7,27,2141,42,0,4467,8,929,92718,0
10,22,8,92,1741,204,43,7,3,2422,1060,2,8431,10043,1680,104,0,4455,6876,8762,7,842,2066,1,20,150,1,356,1931,11158,6,5068,0,1479,41,20,194,15,174,236,8,1,386,4693,68,6278,1889,513,32,10774,1,4280,3102,2226,3791,2076,1231,2939,2062,10,239,7549,58,1,323,19,25505,2,786,4,59,3640,102,0,16836,11,1409,201856,0
9,11,3,164,1473,182,15,9,2,3311,1062,0,8221,21051,1361,205,2,4701,7195,9413,9,748,3175,3,27,165,0,357,1719,11500,8,6162,0,4132,17,37,312,13,186,307,3,9,347,5997,49,6104,1861,632,25,11112,0,1399,6045,2229,3822,2353,939,2100,1878,14,275,8448,36,3,492,12,20627,1,1103,6,87,3692,84,1,18272,17,1710,181971,0
6,18,9,90,1530,271,23,8,0,1374,507,3,3896,6146,1295,77,0,2519,4917,3175,3,1165,1713,0,13,153,1,513,1152,10210,3,2741,0,3057,47,19,66,6,222,351,5,3,376,3427,30,6342,1339,279,9,7309,0,795,3581,1737,2803,1162,2089,1794,1501,11,230,7739,39,2,277,4,17507,3,465,16,40,1802,31,0,10683,7,1005,205648,0
8,14,8,75,1713,269,12,2,2,1623,583,2,3797,5702,1279,31,0,3897,5012,3342,5,962,1252,1,20,89,0,530,1337,8384,5,3312,0,2567,98,16,85,3,176,173,11,5,383,3628,26,3206,1473,392,9,9855,3,540,2238,1561,3228,1400,1748,1419,2443,4,214,5583,51,2,357,17,3228,3,504,13,40,2175,39,0,12015,20,909,181638,0
18,17,7,84,1489,381,18,6,4,2146,447,2,3775,6758,1179,134,0,2640,3608,3958,8,998,1629,4,1,127,0,482,1132,9081,1,3459,0,2886,49,13,51,12,218,260,4,6,368,1929,66,6913,1460,126,12,7296,0,1453,1910,1313,3931,1096,2439,2020,2378,8,140,4645,95,1,368,2,13956,2,1056,24,59,2123,59,0,10323,4,1054,162304,0
19,28,11,474,1693,274,32,14,6,5245,1392,1,13333,23538,1731,143,2,7574,10656,21646,27,388,3158,2,23,153,0,194,3180,12733,13,6706,0,7556,9,45,872,21,294,310,17,51,497,16807,111,8108,2603,777,89,17144,0,2364,7415,4062,6712,2975,337,4506,2713,11,450,8316,85,2,631,15,20362,0,1537,13,104,6782,202,0,20551,50,2355,137771,1
64,55,5,1020,2827,318,45,10,2,13077,2132,5,26186,30366,3296,395,1,8713,11780,48017,22,361,3839,4,89,295,1,169,4308,15727,7,13362,0,25376,3,342,1819,10,549,134,20,33,446,17872,124,12689,3058,1403,59,22173,1,5384,10374,4658,8057,3634,192,7070,6056,40,397,11176,78,1,1001,43,21861,10,2286,9,118,9176,333,0,19726,93,4448,99227,1
9,34,2,484,1815,456,23,5,2,4890,1416,3,13178,12277,2797,101,1,6334,10374,15777,34,598,6419,3,33,254,2,355,2717,12411,3,9983,1,1743,19,125,814,14,151,142,16,29,382,14179,168,11220,2910,1003,37,15852,1,2930,8076,5361,5119,2458,613,4163,2436,16,243,9294,42,2,986,27,40087,0,1652,14,58,4313,210,0,21651,46,2166,120746,1
34,20,25,888,3150,907,64,5,68,1732,7187,8,41945,155560,1380,98,7,12152,6493,40767,22,538,4235,0,8,488,139,237,11245,85282,15,16041,34,15844,22,554,1319,26,917,109,44,41,1600,224565,892,20049,2577,7229,296,43520,2,3171,43653,5757,4710,4546,329,2774,4549,2681,295,32164,57,13,100909,54,76859,11,4110,64,127,8023,201,226,238733,250,14772,33771,1
93,43,19,898,2559,780,35,14,56,6248,7689,7,57488,305038,2006,1591,28,12923,17231,82134,36,265,3698,29,51,411,52,118,12414,96754,45,15114,89,38691,7,254,2090,35,1004,455,37,78,1468,237795,692,7801,3357,3528,749,55138,3,3767,57573,4466,6589,6296,285,3504,5985,2181,673,31861,60,6,75921,219,70664,9,3964,17,961,15476,320,66,284313,497,15598,54793,1
127,72,37,5219,6855,1257,56,33,5,9031,12309,11,46542,88784,10913,566,19,8025,32684,89862,41,230,4613,27,208,2329,35,58,11826,77178,4,34340,57,15574,0,2185,4301,10,2286,61,135,694,2093,144819,741,9278,4715,2067,881,46644,61,21764,16752,8079,23988,9279,107,6554,7250,462,1939,18278,119,12,13877,75,8595,7,11045,9,408,21237,388,60,94048,107,9096,20200,1
52,13,11,899,1334,146,31,13,16,3810,6807,2,27058,47514,2056,179,1,9472,11252,34441,58,582,2522,4,19,312,24,269,7739,33560,31,14919,2,8212,18,45,1496,46,348,199,9,19,512,76528,126,8073,3127,3001,130,23110,6,1522,14106,3337,5440,3751,310,8427,3940,129,357,18739,33,1,8029,28,12819,0,2483,20,133,7047,166,1,117337,58,5591,50461,1
74,38,8,1072,2669,155,54,8,3,8661,1906,4,17558,18942,3929,250,5,8674,10172,35654,27,361,5217,4,68,857,4,237,4008,12040,14,11555,1,20013,15,247,1218,68,357,106,24,83,463,15637,181,18900,2434,1724,195,19971,0,8324,6488,4140,8585,4309,165,6146,4083,26,586,9535,119,3,1167,27,39227,4,3010,18,194,9066,405,0,19169,64,2779,110489,1
54,37,4,698,1898,345,22,21,17,4952,1315,2,10686,29017,1924,235,5,8020,8149,23352,35,513,6337,1,65,265,0,206,2975,13650,5,13394,0,72889,23,29,855,74,128,441,12,19,372,17821,199,11785,1886,3260,189,16613,7,11917,11453,4769,7841,2988,212,4305,3415,36,559,5636,116,3,1720,14,13946,6,3075,47,184,6329,384,0,19094,90,2702,64897,1
